Week,Store No,Format,Sq Ft,Total POS,Store Holiday
2/5/2010,559,GRN,39633,466413.85,0
2/12/2010,559,GRN,39633,425520.59,1
2/19/2010,559,GRN,39633,426433.82,0
2/26/2010,559,GRN,39633,411996.49,0
3/5/2010,559,GRN,39633,419993.67,0
3/12/2010,559,GRN,39633,388992.32,0
3/19/2010,559,GRN,39633,380120.22,0
3/26/2010,559,GRN,39633,364740.90,0
4/2/2010,559,GRN,39633,428086.03,0
4/9/2010,559,GRN,39633,420661.91,0
4/16/2010,559,GRN,39633,1097278.40,0
4/23/2010,559,GRN,39633,344768.28,0
4/30/2010,559,GRN,39633,366040.02,0
5/7/2010,559,GRN,39633,404115.49,0
5/14/2010,559,GRN,39633,389149.57,0
5/21/2010,559,GRN,39633,348554.80,0
5/28/2010,559,GRN,39633,354880.86,0
6/4/2010,559,GRN,39633,401760.43,0
6/11/2010,559,GRN,39633,359808.72,0
6/18/2010,559,GRN,39633,368868.48,0
6/25/2010,559,GRN,39633,362138.11,0
7/2/2010,559,GRN,39633,385943.35,0
7/9/2010,559,GRN,39633,354005.81,0
7/16/2010,559,GRN,39633,357520.41,0
7/23/2010,559,GRN,39633,357656.12,0
7/30/2010,559,GRN,39633,352746.68,0
8/6/2010,559,GRN,39633,407427.39,0
8/13/2010,559,GRN,39633,,0
8/20/2010,559,GRN,39633,356519.84,0
8/27/2010,559,GRN,39633,366925.72,0
9/3/2010,559,GRN,39633,371265.60,0
9/10/2010,559,GRN,39633,357052.60,1
9/17/2010,559,GRN,39633,367856.27,0
9/24/2010,559,GRN,39633,360418.50,0
10/1/2010,559,GRN,39633,363575.73,0
10/8/2010,559,GRN,39633,399898.98,0
10/15/2010,559,GRN,39633,350376.02,0
10/22/2010,559,GRN,39633,353687.61,0
10/29/2010,559,GRN,39633,353383.37,0
11/5/2010,559,GRN,39633,427967.19,0
11/12/2010,559,GRN,39633,391426.66,0
11/19/2010,559,GRN,39633,377336.95,0
11/26/2010,559,GRN,39633,570359.47,1
12/3/2010,559,GRN,39633,481212.40,0
12/10/2010,559,GRN,39633,472433.66,0
12/17/2010,559,GRN,39633,502951.02,0
12/24/2010,559,GRN,39633,610782.04,0
12/31/2010,559,GRN,39633,387469.39,1
1/7/2011,559,GRN,39633,383032.97,0
1/14/2011,559,GRN,39633,385852.73,0
1/21/2011,559,GRN,39633,355668.33,0
1/28/2011,559,GRN,39633,1139132.42,0
2/4/2011,559,GRN,39633,443308.16,0
2/11/2011,559,GRN,39633,435317.84,1
2/18/2011,559,GRN,39633,437573.73,0
2/25/2011,559,GRN,39633,402002.82,0
3/4/2011,559,GRN,39633,441876.14,0
3/11/2011,559,GRN,39633,409544.93,0
3/18/2011,559,GRN,39633,396901.14,0
3/25/2011,559,GRN,39633,385475.30,0
4/1/2011,559,GRN,39633,379347.71,0
4/8/2011,559,GRN,39633,388866.94,0
4/15/2011,559,GRN,39633,371042.32,0
4/22/2011,559,GRN,39633,396651.67,0
4/29/2011,559,GRN,39633,372197.03,0
5/6/2011,559,GRN,39633,417833.75,0
5/13/2011,559,GRN,39633,391104.31,0
5/20/2011,559,GRN,39633,369394.76,0
5/27/2011,559,GRN,39633,374142.23,0
6/3/2011,559,GRN,39633,399299.47,0
6/10/2011,559,GRN,39633,396430.38,0
6/17/2011,559,GRN,39633,408214.97,0
6/24/2011,559,GRN,39633,390312.34,0
7/1/2011,559,GRN,39633,373754.35,0
7/8/2011,559,GRN,39633,399937.87,0
7/15/2011,559,GRN,39633,,0
7/22/2011,559,GRN,39633,365409.00,0
7/29/2011,559,GRN,39633,350172.92,0
8/5/2011,559,GRN,39633,414772.88,0
8/12/2011,559,GRN,39633,385168.48,0
8/19/2011,559,GRN,39633,384508.54,0
8/26/2011,559,GRN,39633,1146021.94,0
9/2/2011,559,GRN,39633,380780.32,0
9/9/2011,559,GRN,39633,382139.12,1
9/16/2011,559,GRN,39633,380421.14,0
9/23/2011,559,GRN,39633,370040.57,0
9/30/2011,559,GRN,39633,373269.56,0
10/7/2011,559,GRN,39633,,0
10/14/2011,559,GRN,39633,373074.20,0
10/21/2011,559,GRN,39633,399767.99,0
10/28/2011,559,GRN,39633,394332.25,0
11/4/2011,559,GRN,39633,464234.85,0
11/11/2011,559,GRN,39633,428847.43,0
11/18/2011,559,GRN,39633,412569.92,0
11/25/2011,559,GRN,39633,603188.50,1
12/2/2011,559,GRN,39633,490367.28,0
12/9/2011,559,GRN,39633,485326.65,0
12/16/2011,559,GRN,39633,521651.23,0
12/23/2011,559,GRN,39633,560772.81,0
12/30/2011,559,GRN,39633,435797.61,1
1/6/2012,559,GRN,39633,421812.68,0
1/13/2012,559,GRN,39633,384284.09,0
1/20/2012,559,GRN,39633,377498.76,0
1/27/2012,559,GRN,39633,358617.27,0
2/3/2012,559,GRN,39633,452582.50,0
2/10/2012,559,GRN,39633,496812.77,1
2/17/2012,559,GRN,39633,493969.59,0
2/24/2012,559,GRN,39633,436730.69,0
3/2/2012,559,GRN,39633,485739.46,0
3/9/2012,559,GRN,39633,465099.97,0
3/16/2012,559,GRN,39633,424362.60,0
3/23/2012,559,GRN,39633,423870.93,0
3/30/2012,559,GRN,39633,417429.72,0
4/6/2012,559,GRN,39633,517216.26,0
4/13/2012,559,GRN,39633,438392.02,0
4/20/2012,559,GRN,39633,447582.53,0
4/27/2012,559,GRN,39633,403367.07,0
5/4/2012,559,GRN,39633,452147.80,0
5/11/2012,559,GRN,39633,444393.63,0
5/18/2012,559,GRN,39633,429450.92,0
5/25/2012,559,GRN,39633,425323.02,0
6/1/2012,559,GRN,39633,446235.43,0
6/8/2012,559,GRN,39633,463056.30,0
6/15/2012,559,GRN,39633,454101.63,0
6/22/2012,559,GRN,39633,432031.42,0
6/29/2012,559,GRN,39633,434490.36,0
7/6/2012,559,GRN,39633,425069.74,0
7/13/2012,559,GRN,39633,429399.27,0
7/20/2012,559,GRN,39633,442982.30,0
7/27/2012,559,GRN,39633,404321.37,0
8/3/2012,559,GRN,39633,437347.59,0
8/10/2012,559,GRN,39633,406167.23,0
8/17/2012,559,GRN,39633,404427.17,0
8/24/2012,559,GRN,39633,425470.20,0
8/31/2012,559,GRN,39633,426176.48,0
9/7/2012,559,GRN,39633,420383.66,1
9/14/2012,559,GRN,39633,422204.40,0
9/21/2012,559,GRN,39633,428628.86,0
9/28/2012,559,GRN,39633,401095.35,0
2/5/2010,426,RED,204746,1657426.73,0
2/12/2010,426,RED,204746,1611075.49,1
2/19/2010,426,RED,204746,1571929.70,0
2/26/2010,426,RED,204746,1437744.84,0
3/5/2010,426,RED,204746,1606140.45,0
3/12/2010,426,RED,204746,1563412.99,0
3/19/2010,426,RED,204746,1697850.54,0
3/26/2010,426,RED,204746,1476825.01,0
4/2/2010,426,RED,204746,1775125.53,0
4/9/2010,426,RED,204746,1671973.45,0
4/16/2010,426,RED,204746,1524637.99,0
4/23/2010,426,RED,204746,1545227.62,0
4/30/2010,426,RED,204746,1502871.79,0
5/7/2010,426,RED,204746,1624711.67,0
5/14/2010,426,RED,204746,1528851.03,0
5/21/2010,426,RED,204746,1536730.07,0
5/28/2010,426,RED,204746,1649262.29,0
6/4/2010,426,RED,204746,1862171.72,0
6/11/2010,426,RED,204746,1690443.98,0
6/18/2010,426,RED,204746,1682039.87,0
6/25/2010,426,RED,204746,1645473.51,0
7/2/2010,426,RED,204746,1764568.88,0
7/9/2010,426,RED,204746,1695109.62,0
7/16/2010,426,RED,204746,1564912.43,0
7/23/2010,426,RED,204746,1590032.55,0
7/30/2010,426,RED,204746,1537100.41,0
8/6/2010,426,RED,204746,1638033.22,0
8/13/2010,426,RED,204746,1552446.61,0
8/20/2010,426,RED,204746,1544722.13,0
8/27/2010,426,RED,204746,1917322.95,0
9/3/2010,426,RED,204746,1515716.95,0
9/10/2010,426,RED,204746,1429017.07,1
9/17/2010,426,RED,204746,1313329.38,0
9/24/2010,426,RED,204746,1280383.47,0
10/1/2010,426,RED,204746,1333260.52,0
10/8/2010,426,RED,204746,1365109.53,0
10/15/2010,426,RED,204746,1349372.55,0
10/22/2010,426,RED,204746,1337508.16,0
10/29/2010,426,RED,204746,1390115.33,0
11/5/2010,426,RED,204746,1510233.78,0
11/12/2010,426,RED,204746,1500328.09,0
11/19/2010,426,RED,204746,1523633.08,0
11/26/2010,426,RED,204746,2272244.03,1
12/3/2010,426,RED,204746,1681858.87,0
12/10/2010,426,RED,204746,1839529.21,0
12/17/2010,426,RED,204746,2095060.58,0
12/24/2010,426,RED,204746,2732366.81,0
12/31/2010,426,RED,204746,1468841.65,1
1/7/2011,426,RED,204746,1355233.31,0
1/14/2011,426,RED,204746,1310986.18,0
1/21/2011,426,RED,204746,1266044.81,0
1/28/2011,426,RED,204746,1291826.33,0
2/4/2011,426,RED,204746,1519790.80,0
2/11/2011,426,RED,204746,1491711.80,1
2/18/2011,426,RED,204746,1576909.17,0
2/25/2011,426,RED,204746,1427392.06,0
3/4/2011,426,RED,204746,1507409.62,0
3/11/2011,426,RED,204746,1499289.02,0
3/18/2011,426,RED,204746,1690167.10,0
3/25/2011,426,RED,204746,1443257.44,0
4/1/2011,426,RED,204746,1464068.40,0
4/8/2011,426,RED,204746,2276672.24,0
4/15/2011,426,RED,204746,1453588.65,0
4/22/2011,426,RED,204746,1644150.56,0
4/29/2011,426,RED,204746,1484041.53,0
5/6/2011,426,RED,204746,1509443.20,0
5/13/2011,426,RED,204746,1457977.28,0
5/20/2011,426,RED,204746,1387575.46,0
5/27/2011,426,RED,204746,1528770.74,0
6/3/2011,426,RED,204746,1710297.92,0
6/10/2011,426,RED,204746,1603435.28,0
6/17/2011,426,RED,204746,1626941.96,0
6/24/2011,426,RED,204746,1548157.53,0
7/1/2011,426,RED,204746,1699342.78,0
7/8/2011,426,RED,204746,1714165.25,0
7/15/2011,426,RED,204746,1531592.87,0
7/22/2011,426,RED,204746,1531297.71,0
7/29/2011,426,RED,204746,1488782.68,0
8/5/2011,426,RED,204746,1606376.20,0
8/12/2011,426,RED,204746,1489787.01,0
8/19/2011,426,RED,204746,1498335.67,0
8/26/2011,426,RED,204746,1425197.04,0
9/2/2011,426,RED,204746,1486410.37,0
9/9/2011,426,RED,204746,1488366.01,1
9/16/2011,426,RED,204746,1356199.42,0
9/23/2011,426,RED,204746,1340836.38,0
9/30/2011,426,RED,204746,1312343.55,0
10/7/2011,426,RED,204746,1486530.83,0
10/14/2011,426,RED,204746,1391312.62,0
10/21/2011,426,RED,204746,1422714.00,0
10/28/2011,426,RED,204746,1424236.75,0
11/4/2011,426,RED,204746,1528212.01,0
11/11/2011,426,RED,204746,1568102.38,0
11/18/2011,426,RED,204746,1546699.81,0
11/25/2011,426,RED,204746,2343119.56,1
12/2/2011,426,RED,204746,1737446.01,0
12/9/2011,426,RED,204746,1933443.73,0
12/16/2011,426,RED,204746,2056207.02,0
12/23/2011,426,RED,204746,2662122.27,0
12/30/2011,426,RED,204746,1699443.53,1
1/6/2012,426,RED,204746,1446874.00,0
1/13/2012,426,RED,204746,1374656.55,0
1/20/2012,426,RED,204746,1346793.37,0
1/27/2012,426,RED,204746,1328961.23,0
2/3/2012,426,RED,204746,1578952.12,0
2/10/2012,426,RED,204746,1663270.98,1
2/17/2012,426,RED,204746,1683356.52,0
2/24/2012,426,RED,204746,1497969.57,0
3/2/2012,426,RED,204746,1594432.09,0
3/9/2012,426,RED,204746,1592174.53,0
3/16/2012,426,RED,204746,1767959.35,0
3/23/2012,426,RED,204746,1513287.25,0
3/30/2012,426,RED,204746,1534928.14,0
4/6/2012,426,RED,204746,1864895.41,0
4/13/2012,426,RED,204746,1640947.54,0
4/20/2012,426,RED,204746,1473264.12,0
4/27/2012,426,RED,204746,1469881.90,0
5/4/2012,426,RED,204746,1574230.52,0
5/11/2012,426,RED,204746,1548062.01,0
5/18/2012,426,RED,204746,2181144.14,0
5/25/2012,426,RED,204746,1625797.83,0
6/1/2012,426,RED,204746,1703782.31,0
6/8/2012,426,RED,204746,1723689.43,0
6/15/2012,426,RED,204746,1667127.42,0
6/22/2012,426,RED,204746,1644341.88,0
6/29/2012,426,RED,204746,1665180.01,0
7/6/2012,426,RED,204746,1900791.57,0
7/13/2012,426,RED,204746,1613463.04,0
7/20/2012,426,RED,204746,1597562.47,0
7/27/2012,426,RED,204746,2037591.30,0
8/3/2012,426,RED,204746,1689708.01,0
8/10/2012,426,RED,204746,1614262.01,0
8/17/2012,426,RED,204746,1567075.98,0
8/24/2012,426,RED,204746,1526799.97,0
8/31/2012,426,RED,204746,1627561.10,0
9/7/2012,426,RED,204746,1637366.55,1
9/14/2012,426,RED,204746,1408650.19,0
9/21/2012,426,RED,204746,1452810.28,0
9/28/2012,426,RED,204746,1386235.96,0
2/5/2010,1303,GRN,72954,501517.07,0
2/12/2010,1303,GRN,72954,528896.55,1
2/19/2010,1303,GRN,72954,511552.17,0
2/26/2010,1303,GRN,72954,500874.87,0
3/5/2010,1303,GRN,72954,496211.18,0
3/12/2010,1303,GRN,72954,485243.73,0
3/19/2010,1303,GRN,72954,579241.86,0
3/26/2010,1303,GRN,72954,519523.23,0
4/2/2010,1303,GRN,72954,565936.77,0
4/9/2010,1303,GRN,72954,489054.88,0
4/16/2010,1303,GRN,72954,411019.82,0
4/23/2010,1303,GRN,72954,409542.88,0
4/30/2010,1303,GRN,72954,378447.24,0
5/7/2010,1303,GRN,72954,400245.46,0
5/14/2010,1303,GRN,72954,377465.24,0
5/21/2010,1303,GRN,72954,399987.28,0
5/28/2010,1303,GRN,72954,447526.18,0
6/4/2010,1303,GRN,72954,513974.85,0
6/11/2010,1303,GRN,72954,503372.50,0
6/18/2010,1303,GRN,72954,485935.72,0
6/25/2010,1303,GRN,72954,1324975.03,0
7/2/2010,1303,GRN,72954,580362.40,0
7/9/2010,1303,GRN,72954,598253.97,0
7/16/2010,1303,GRN,72954,561957.98,0
7/23/2010,1303,GRN,72954,575022.84,0
7/30/2010,1303,GRN,72954,608338.79,0
8/6/2010,1303,GRN,72954,648645.80,0
8/13/2010,1303,GRN,72954,602977.03,0
8/20/2010,1303,GRN,72954,587144.80,0
8/27/2010,1303,GRN,72954,559100.87,0
9/3/2010,1303,GRN,72954,537556.68,0
9/10/2010,1303,GRN,72954,540560.95,1
9/17/2010,1303,GRN,72954,494200.16,0
9/24/2010,1303,GRN,72954,492800.46,0
10/1/2010,1303,GRN,72954,453790.36,0
10/8/2010,1303,GRN,72954,485031.51,0
10/15/2010,1303,GRN,72954,468162.11,0
10/22/2010,1303,GRN,72954,,0
10/29/2010,1303,GRN,72954,470284.78,0
11/5/2010,1303,GRN,72954,485304.07,0
11/12/2010,1303,GRN,72954,512375.92,0
11/19/2010,1303,GRN,72954,487319.99,0
11/26/2010,1303,GRN,72954,839980.89,1
12/3/2010,1303,GRN,72954,557603.25,0
12/10/2010,1303,GRN,72954,604521.70,0
12/17/2010,1303,GRN,72954,721180.44,0
12/24/2010,1303,GRN,72954,1049916.51,0
12/31/2010,1303,GRN,72954,734363.71,1
1/7/2011,1303,GRN,72954,665955.57,0
1/14/2011,1303,GRN,72954,552176.53,0
1/21/2011,1303,GRN,72954,526331.09,0
1/28/2011,1303,GRN,72954,518163.80,0
2/4/2011,1303,GRN,72954,562819.40,0
2/11/2011,1303,GRN,72954,564694.76,1
2/18/2011,1303,GRN,72954,577179.10,0
2/25/2011,1303,GRN,72954,551482.47,0
3/4/2011,1303,GRN,72954,556170.02,0
3/11/2011,1303,GRN,72954,563755.46,0
3/18/2011,1303,GRN,72954,639806.32,0
3/25/2011,1303,GRN,72954,563853.21,0
4/1/2011,1303,GRN,72954,518201.30,0
4/8/2011,1303,GRN,72954,505343.79,0
4/15/2011,1303,GRN,72954,,0
4/22/2011,1303,GRN,72954,471386.52,0
4/29/2011,1303,GRN,72954,415221.36,0
5/6/2011,1303,GRN,72954,411804.10,0
5/13/2011,1303,GRN,72954,418885.68,0
5/20/2011,1303,GRN,72954,429462.61,0
5/27/2011,1303,GRN,72954,462008.50,0
6/3/2011,1303,GRN,72954,547087.00,0
6/10/2011,1303,GRN,72954,625891.58,0
6/17/2011,1303,GRN,72954,615782.98,0
6/24/2011,1303,GRN,72954,644835.60,0
7/1/2011,1303,GRN,72954,709135.84,0
7/8/2011,1303,GRN,72954,766585.57,0
7/15/2011,1303,GRN,72954,647539.84,0
7/22/2011,1303,GRN,72954,692835.59,0
7/29/2011,1303,GRN,72954,658174.25,0
8/5/2011,1303,GRN,72954,700184.47,0
8/12/2011,1303,GRN,72954,675462.09,0
8/19/2011,1303,GRN,72954,649947.84,0
8/26/2011,1303,GRN,72954,634786.10,0
9/2/2011,1303,GRN,72954,597146.87,0
9/9/2011,1303,GRN,72954,617926.86,1
9/16/2011,1303,GRN,72954,,0
9/23/2011,1303,GRN,72954,540936.44,0
9/30/2011,1303,GRN,72954,493671.89,0
10/7/2011,1303,GRN,72954,530657.99,0
10/14/2011,1303,GRN,72954,506750.82,0
10/21/2011,1303,GRN,72954,563483.06,0
10/28/2011,1303,GRN,72954,532131.15,0
11/4/2011,1303,GRN,72954,569327.64,0
11/11/2011,1303,GRN,72954,572422.17,0
11/18/2011,1303,GRN,72954,1023025.42,0
11/25/2011,1303,GRN,72954,1000036.88,1
12/2/2011,1303,GRN,72954,616560.92,0
12/9/2011,1303,GRN,72954,668171.77,0
12/16/2011,1303,GRN,72954,733353.06,0
12/23/2011,1303,GRN,72954,1070586.29,0
12/30/2011,1303,GRN,72954,844912.95,1
1/6/2012,1303,GRN,72954,740197.97,0
1/13/2012,1303,GRN,72954,613090.33,0
1/20/2012,1303,GRN,72954,595787.00,0
1/27/2012,1303,GRN,72954,552366.48,0
2/3/2012,1303,GRN,72954,666385.13,0
2/10/2012,1303,GRN,72954,599293.27,1
2/17/2012,1303,GRN,72954,646937.84,0
2/24/2012,1303,GRN,72954,632305.39,0
3/2/2012,1303,GRN,72954,620738.67,0
3/9/2012,1303,GRN,72954,604222.78,0
3/16/2012,1303,GRN,72954,685273.15,0
3/23/2012,1303,GRN,72954,633427.47,0
3/30/2012,1303,GRN,72954,602358.75,0
4/6/2012,1303,GRN,72954,640836.80,0
4/13/2012,1303,GRN,72954,531320.82,0
4/20/2012,1303,GRN,72954,470904.02,0
4/27/2012,1303,GRN,72954,477133.72,0
5/4/2012,1303,GRN,72954,481579.56,0
5/11/2012,1303,GRN,72954,494425.02,0
5/18/2012,1303,GRN,72954,481265.21,0
5/25/2012,1303,GRN,72954,547856.78,0
6/1/2012,1303,GRN,72954,611664.11,0
6/8/2012,1303,GRN,72954,659222.92,0
6/15/2012,1303,GRN,72954,694113.87,0
6/22/2012,1303,GRN,72954,711390.54,0
6/29/2012,1303,GRN,72954,714891.83,0
7/6/2012,1303,GRN,72954,820927.92,0
7/13/2012,1303,GRN,72954,761767.30,0
7/20/2012,1303,GRN,72954,698788.64,0
7/27/2012,1303,GRN,72954,699907.33,0
8/3/2012,1303,GRN,72954,709261.71,0
8/10/2012,1303,GRN,72954,691638.83,0
8/17/2012,1303,GRN,72954,655383.09,0
8/24/2012,1303,GRN,72954,625711.52,0
8/31/2012,1303,GRN,72954,604959.01,0
9/7/2012,1303,GRN,72954,613113.25,1
9/14/2012,1303,GRN,72954,557579.73,0
9/21/2012,1303,GRN,72954,548521.17,0
9/28/2012,1303,GRN,72954,540515.98,0
2/5/2010,1454,RED,157319,1008928.72,0
2/12/2010,1454,RED,157319,999593.03,1
2/19/2010,1454,RED,157319,968752.00,0
2/26/2010,1454,RED,157319,852383.74,0
3/5/2010,1454,RED,157319,886295.58,0
3/12/2010,1454,RED,157319,865127.79,0
3/19/2010,1454,RED,157319,844702.63,0
3/26/2010,1454,RED,157319,777330.75,0
4/2/2010,1454,RED,157319,919292.54,0
4/9/2010,1454,RED,157319,920825.55,0
4/16/2010,1454,RED,157319,887708.75,0
4/23/2010,1454,RED,157319,855231.89,0
4/30/2010,1454,RED,157319,783464.27,0
5/7/2010,1454,RED,157319,921612.59,0
5/14/2010,1454,RED,157319,878129.47,0
5/21/2010,1454,RED,157319,823124.84,0
5/28/2010,1454,RED,157319,872833.19,0
6/4/2010,1454,RED,157319,963017.04,0
6/11/2010,1454,RED,157319,919627.49,0
6/18/2010,1454,RED,157319,874714.19,0
6/25/2010,1454,RED,157319,819710.74,0
7/2/2010,1454,RED,157319,857125.38,0
7/9/2010,1454,RED,157319,850081.40,0
7/16/2010,1454,RED,157319,853422.20,0
7/23/2010,1454,RED,157319,1517846.22,0
7/30/2010,1454,RED,157319,792086.72,0
8/6/2010,1454,RED,157319,898191.40,0
8/13/2010,1454,RED,157319,872710.84,0
8/20/2010,1454,RED,157319,875468.07,0
8/27/2010,1454,RED,157319,893608.41,0
9/3/2010,1454,RED,157319,903828.10,0
9/10/2010,1454,RED,157319,836216.83,1
9/17/2010,1454,RED,157319,841499.48,0
9/24/2010,1454,RED,157319,778516.71,0
10/1/2010,1454,RED,157319,808897.12,0
10/8/2010,1454,RED,157319,875141.49,0
10/15/2010,1454,RED,157319,831338.59,0
10/22/2010,1454,RED,157319,841210.77,0
10/29/2010,1454,RED,157319,835548.39,0
11/5/2010,1454,RED,157319,932057.97,0
11/12/2010,1454,RED,157319,916330.61,0
11/19/2010,1454,RED,157319,890399.67,0
11/26/2010,1454,RED,157319,1266484.79,1
12/3/2010,1454,RED,157319,957558.56,0
12/10/2010,1454,RED,157319,1073853.26,0
12/17/2010,1454,RED,157319,1225371.18,0
12/24/2010,1454,RED,157319,1516432.72,0
12/31/2010,1454,RED,157319,778378.12,1
1/7/2011,1454,RED,157319,877856.86,0
1/14/2011,1454,RED,157319,814438.29,0
1/21/2011,1454,RED,157319,827459.86,0
1/28/2011,1454,RED,157319,787048.29,0
2/4/2011,1454,RED,157319,949386.41,0
2/11/2011,1454,RED,157319,1000939.02,1
2/18/2011,1454,RED,157319,1069900.27,0
2/25/2011,1454,RED,157319,922108.78,0
3/4/2011,1454,RED,157319,940058.06,0
3/11/2011,1454,RED,157319,905178.92,0
3/18/2011,1454,RED,157319,903080.77,0
3/25/2011,1454,RED,157319,832759.99,0
4/1/2011,1454,RED,157319,883553.93,0
4/8/2011,1454,RED,157319,954617.46,0
4/15/2011,1454,RED,157319,913070.37,0
4/22/2011,1454,RED,157319,942264.76,0
4/29/2011,1454,RED,157319,859806.40,0
5/6/2011,1454,RED,157319,946248.97,0
5/13/2011,1454,RED,157319,900555.04,0
5/20/2011,1454,RED,157319,840841.52,0
5/27/2011,1454,RED,157319,862731.04,0
6/3/2011,1454,RED,157319,934013.79,0
6/10/2011,1454,RED,157319,902101.04,0
6/17/2011,1454,RED,157319,926840.04,0
6/24/2011,1454,RED,157319,869672.87,0
7/1/2011,1454,RED,157319,1621462.89,0
7/8/2011,1454,RED,157319,866756.75,0
7/15/2011,1454,RED,157319,854717.00,0
7/22/2011,1454,RED,157319,834694.05,0
7/29/2011,1454,RED,157319,811873.82,0
8/5/2011,1454,RED,157319,897185.40,0
8/12/2011,1454,RED,157319,861587.73,0
8/19/2011,1454,RED,157319,899858.13,0
8/26/2011,1454,RED,157319,917334.45,0
9/2/2011,1454,RED,157319,896178.77,0
9/9/2011,1454,RED,157319,853149.72,1
9/16/2011,1454,RED,157319,1454427.18,0
9/23/2011,1454,RED,157319,811235.92,0
9/30/2011,1454,RED,157319,813841.00,0
10/7/2011,1454,RED,157319,934768.18,0
10/14/2011,1454,RED,157319,867979.89,0
10/21/2011,1454,RED,157319,910776.12,0
10/28/2011,1454,RED,157319,881503.94,0
11/4/2011,1454,RED,157319,952606.68,0
11/11/2011,1454,RED,157319,940906.23,0
11/18/2011,1454,RED,157319,917976.79,0
11/25/2011,1454,RED,157319,1291507.11,1
12/2/2011,1454,RED,157319,1014145.76,0
12/9/2011,1454,RED,157319,1076924.48,0
12/16/2011,1454,RED,157319,1130185.07,0
12/23/2011,1454,RED,157319,1478791.59,0
12/30/2011,1454,RED,157319,909019.49,1
1/6/2012,1454,RED,157319,914787.03,0
1/13/2012,1454,RED,157319,849832.50,0
1/20/2012,1454,RED,157319,828749.25,0
1/27/2012,1454,RED,157319,817773.34,0
2/3/2012,1454,RED,157319,1001753.21,0
2/10/2012,1454,RED,157319,1053965.90,1
2/17/2012,1454,RED,157319,1125519.99,0
2/24/2012,1454,RED,157319,959479.73,0
3/2/2012,1454,RED,157319,990761.12,0
3/9/2012,1454,RED,157319,981828.00,0
3/16/2012,1454,RED,157319,937445.35,0
3/23/2012,1454,RED,157319,892544.90,0
3/30/2012,1454,RED,157319,921842.52,0
4/6/2012,1454,RED,157319,1066575.23,0
4/13/2012,1454,RED,157319,933488.19,0
4/20/2012,1454,RED,157319,903226.73,0
4/27/2012,1454,RED,157319,896723.30,0
5/4/2012,1454,RED,157319,963016.73,0
5/11/2012,1454,RED,157319,942137.44,0
5/18/2012,1454,RED,157319,933836.45,0
5/25/2012,1454,RED,157319,917225.07,0
6/1/2012,1454,RED,157319,944716.52,0
6/8/2012,1454,RED,157319,952178.33,0
6/15/2012,1454,RED,157319,941291.51,0
6/22/2012,1454,RED,157319,918603.18,0
6/29/2012,1454,RED,157319,900628.53,0
7/6/2012,1454,RED,157319,962713.64,0
7/13/2012,1454,RED,157319,913240.61,0
7/20/2012,1454,RED,157319,962748.80,0
7/27/2012,1454,RED,157319,859853.76,0
8/3/2012,1454,RED,157319,928100.02,0
8/10/2012,1454,RED,157319,956173.05,0
8/17/2012,1454,RED,157319,914486.39,0
8/24/2012,1454,RED,157319,953053.45,0
8/31/2012,1454,RED,157319,1002137.92,0
9/7/2012,1454,RED,157319,956268.77,1
9/14/2012,1454,RED,157319,901999.79,0
9/21/2012,1454,RED,157319,877165.74,0
9/28/2012,1454,RED,157319,901910.62,0
2/5/2010,1423,GRN,128753,2197840.38,0
2/12/2010,1423,GRN,128753,2180820.15,1
2/19/2010,1423,GRN,128753,2118224.21,0
2/26/2010,1423,GRN,128753,2011566.59,0
3/5/2010,1423,GRN,128753,1991881.72,0
3/12/2010,1423,GRN,128753,1946137.76,0
3/19/2010,1423,GRN,128753,1951666.69,0
3/26/2010,1423,GRN,128753,1898324.09,0
4/2/2010,1423,GRN,128753,2143443.60,0
4/9/2010,1423,GRN,128753,2045861.00,0
4/16/2010,1423,GRN,128753,1831033.07,0
4/23/2010,1423,GRN,128753,1834313.46,0
4/30/2010,1423,GRN,128753,1795486.22,0
5/7/2010,1423,GRN,128753,1926223.79,0
5/14/2010,1423,GRN,128753,1812848.04,0
5/21/2010,1423,GRN,128753,1852405.21,0
5/28/2010,1423,GRN,128753,1909409.80,0
6/4/2010,1423,GRN,128753,1936197.91,0
6/11/2010,1423,GRN,128753,1832313.34,0
6/18/2010,1423,GRN,128753,1842427.87,0
6/25/2010,1423,GRN,128753,1772963.94,0
7/2/2010,1423,GRN,128753,1850685.50,0
7/9/2010,1423,GRN,128753,1774585.00,0
7/16/2010,1423,GRN,128753,1832844.10,0
7/23/2010,1423,GRN,128753,1836467.66,0
7/30/2010,1423,GRN,128753,1837455.66,0
8/6/2010,1423,GRN,128753,1954027.72,0
8/13/2010,1423,GRN,128753,1967788.33,0
8/20/2010,1423,GRN,128753,1987982.19,0
8/27/2010,1423,GRN,128753,1732357.05,0
9/3/2010,1423,GRN,128753,1771123.08,0
9/10/2010,1423,GRN,128753,1725321.86,1
9/17/2010,1423,GRN,128753,1721547.41,0
9/24/2010,1423,GRN,128753,1659828.38,0
10/1/2010,1423,GRN,128753,1650684.60,0
10/8/2010,1423,GRN,128753,1776984.05,0
10/15/2010,1423,GRN,128753,1708641.88,0
10/22/2010,1423,GRN,128753,1745025.69,0
10/29/2010,1423,GRN,128753,1746100.19,0
11/5/2010,1423,GRN,128753,2564542.30,0
11/12/2010,1423,GRN,128753,1900693.22,0
11/19/2010,1423,GRN,128753,1953968.76,0
11/26/2010,1423,GRN,128753,2944738.01,1
12/3/2010,1423,GRN,128753,2255998.27,0
12/10/2010,1423,GRN,128753,2416581.84,0
12/17/2010,1423,GRN,128753,2816438.48,0
12/24/2010,1423,GRN,128753,3753849.32,0
12/31/2010,1423,GRN,128753,1712089.77,1
1/7/2011,1423,GRN,128753,1719101.53,0
1/14/2011,1423,GRN,128753,1715595.22,0
1/21/2011,1423,GRN,128753,1682347.81,0
1/28/2011,1423,GRN,128753,1720560.68,0
2/4/2011,1423,GRN,128753,1972837.54,0
2/11/2011,1423,GRN,128753,2120199.94,1
2/18/2011,1423,GRN,128753,2642243.11,0
2/25/2011,1423,GRN,128753,1972788.34,0
3/4/2011,1423,GRN,128753,1962794.82,0
3/11/2011,1423,GRN,128753,1938260.78,0
3/18/2011,1423,GRN,128753,1889525.94,0
3/25/2011,1423,GRN,128753,1820590.48,0
4/1/2011,1423,GRN,128753,1832524.81,0
4/8/2011,1423,GRN,128753,1875512.36,0
4/15/2011,1423,GRN,128753,1786558.85,0
4/22/2011,1423,GRN,128753,2009622.77,0
4/29/2011,1423,GRN,128753,1878437.97,0
5/6/2011,1423,GRN,128753,1846161.62,0
5/13/2011,1423,GRN,128753,1717787.07,0
5/20/2011,1423,GRN,128753,1725699.64,0
5/27/2011,1423,GRN,128753,1747792.01,0
6/3/2011,1423,GRN,128753,1797002.52,0
6/10/2011,1423,GRN,128753,1744854.73,0
6/17/2011,1423,GRN,128753,1822726.39,0
6/24/2011,1423,GRN,128753,1716604.76,0
7/1/2011,1423,GRN,128753,1756161.38,0
7/8/2011,1423,GRN,128753,1704500.01,0
7/15/2011,1423,GRN,128753,1779860.03,0
7/22/2011,1423,GRN,128753,1779134.24,0
7/29/2011,1423,GRN,128753,1750632.96,0
8/5/2011,1423,GRN,128753,1891091.61,0
8/12/2011,1423,GRN,128753,1922189.26,0
8/19/2011,1423,GRN,128753,1959641.31,0
8/26/2011,1423,GRN,128753,1733190.70,0
9/2/2011,1423,GRN,128753,1763378.98,0
9/9/2011,1423,GRN,128753,1675371.45,1
9/16/2011,1423,GRN,128753,1655685.93,0
9/23/2011,1423,GRN,128753,1690702.16,0
9/30/2011,1423,GRN,128753,1632498.94,0
10/7/2011,1423,GRN,128753,1793019.23,0
10/14/2011,1423,GRN,128753,1709544.65,0
10/21/2011,1423,GRN,128753,1750720.19,0
10/28/2011,1423,GRN,128753,1776584.60,0
11/4/2011,1423,GRN,128753,1909230.22,0
11/11/2011,1423,GRN,128753,2124406.76,0
11/18/2011,1423,GRN,128753,1892147.88,0
11/25/2011,1423,GRN,128753,3101935.01,1
12/2/2011,1423,GRN,128753,2132335.84,0
12/9/2011,1423,GRN,128753,2460510.78,0
12/16/2011,1423,GRN,128753,2570919.58,0
12/23/2011,1423,GRN,128753,3503496.29,0
12/30/2011,1423,GRN,128753,2056885.95,1
1/6/2012,1423,GRN,128753,1743861.68,0
1/13/2012,1423,GRN,128753,1745962.48,0
1/20/2012,1423,GRN,128753,1696311.30,0
1/27/2012,1423,GRN,128753,1646674.99,0
2/3/2012,1423,GRN,128753,1959499.64,0
2/10/2012,1423,GRN,128753,2248980.53,1
2/17/2012,1423,GRN,128753,2225494.85,0
2/24/2012,1423,GRN,128753,2072726.22,0
3/2/2012,1423,GRN,128753,2030411.51,0
3/9/2012,1423,GRN,128753,1940677.91,0
3/16/2012,1423,GRN,128753,1947503.12,0
3/23/2012,1423,GRN,128753,1852687.68,0
3/30/2012,1423,GRN,128753,1835409.23,0
4/6/2012,1423,GRN,128753,2193200.57,0
4/13/2012,1423,GRN,128753,2006169.99,0
4/20/2012,1423,GRN,128753,1800827.22,0
4/27/2012,1423,GRN,128753,1727980.34,0
5/4/2012,1423,GRN,128753,1854437.19,0
5/11/2012,1423,GRN,128753,1817952.44,0
5/18/2012,1423,GRN,128753,1815932.74,0
5/25/2012,1423,GRN,128753,1851534.55,0
6/1/2012,1423,GRN,128753,1790912.69,0
6/8/2012,1423,GRN,128753,1862595.38,0
6/15/2012,1423,GRN,128753,1832457.54,0
6/22/2012,1423,GRN,128753,1782131.74,0
6/29/2012,1423,GRN,128753,1723315.66,0
7/6/2012,1423,GRN,128753,1837683.55,0
7/13/2012,1423,GRN,128753,1790726.72,0
7/20/2012,1423,GRN,128753,1900045.44,0
7/27/2012,1423,GRN,128753,1853743.26,0
8/3/2012,1423,GRN,128753,2008041.97,0
8/10/2012,1423,GRN,128753,1923323.77,0
8/17/2012,1423,GRN,128753,1846148.42,0
8/24/2012,1423,GRN,128753,1797380.49,0
8/31/2012,1423,GRN,128753,1699738.66,0
9/7/2012,1423,GRN,128753,1734795.51,1
9/14/2012,1423,GRN,128753,1670316.51,0
9/21/2012,1423,GRN,128753,1702843.63,0
9/28/2012,1423,GRN,128753,1714635.70,0
2/5/2010,820,RED,209740,1532800.27,0
2/12/2010,820,RED,209740,1579475.71,1
2/19/2010,820,RED,209740,1508090.33,0
2/26/2010,820,RED,209740,1341196.28,0
3/5/2010,820,RED,209740,1431414.28,0
3/12/2010,820,RED,209740,1336674.79,0
3/19/2010,820,RED,209740,1368998.63,0
3/26/2010,820,RED,209740,1250415.90,0
4/2/2010,820,RED,209740,1451001.89,0
4/9/2010,820,RED,209740,1475099.95,0
4/16/2010,820,RED,209740,1328034.98,0
4/23/2010,820,RED,209740,1288558.18,0
4/30/2010,820,RED,209740,1244558.52,0
5/7/2010,820,RED,209740,1317121.41,0
5/14/2010,820,RED,209740,1271587.76,0
5/21/2010,820,RED,209740,1276438.25,0
5/28/2010,820,RED,209740,1269064.15,0
6/4/2010,820,RED,209740,1401113.82,0
6/11/2010,820,RED,209740,1344362.48,0
6/18/2010,820,RED,209740,1341314.55,0
6/25/2010,820,RED,209740,1827951.88,0
7/2/2010,820,RED,209740,1307391.77,0
7/9/2010,820,RED,209740,1284948.10,0
7/16/2010,820,RED,209740,1295401.17,0
7/23/2010,820,RED,209740,1249181.66,0
7/30/2010,820,RED,209740,1254970.52,0
8/6/2010,820,RED,209740,1374426.55,0
8/13/2010,820,RED,209740,1389130.73,0
8/20/2010,820,RED,209740,1434984.00,0
8/27/2010,820,RED,209740,1316054.70,0
9/3/2010,820,RED,209740,1308705.90,0
9/10/2010,820,RED,209740,1236220.09,1
9/17/2010,820,RED,209740,1220467.94,0
9/24/2010,820,RED,209740,1174894.88,0
10/1/2010,820,RED,209740,1187282.09,0
10/8/2010,820,RED,209740,1298264.43,0
10/15/2010,820,RED,209740,1179795.30,0
10/22/2010,820,RED,209740,1174623.01,0
10/29/2010,820,RED,209740,1199827.63,0
11/5/2010,820,RED,209740,1337550.76,0
11/12/2010,820,RED,209740,1286467.23,0
11/19/2010,820,RED,209740,1297138.20,0
11/26/2010,820,RED,209740,1762034.14,1
12/3/2010,820,RED,209740,1385314.27,0
12/10/2010,820,RED,209740,1569308.06,0
12/17/2010,820,RED,209740,1848762.78,0
12/24/2010,820,RED,209740,2311056.99,0
12/31/2010,820,RED,209740,1176794.73,1
1/7/2011,820,RED,209740,1183697.07,0
1/14/2011,820,RED,209740,1199241.41,0
1/21/2011,820,RED,209740,1192567.82,0
1/28/2011,820,RED,209740,1105210.32,0
2/4/2011,820,RED,209740,1427337.68,0
2/11/2011,820,RED,209740,1424028.53,1
2/18/2011,820,RED,209740,1559538.78,0
2/25/2011,820,RED,209740,1328790.99,0
3/4/2011,820,RED,209740,1404248.62,0
3/11/2011,820,RED,209740,1319348.94,0
3/18/2011,820,RED,209740,1396605.32,0
3/25/2011,820,RED,209740,1234568.87,0
4/1/2011,820,RED,209740,1263465.75,0
4/8/2011,820,RED,209740,1332192.69,0
4/15/2011,820,RED,209740,1317697.43,0
4/22/2011,820,RED,209740,1392910.16,0
4/29/2011,820,RED,209740,1362381.52,0
5/6/2011,820,RED,209740,1336245.04,0
5/13/2011,820,RED,209740,1282751.05,0
5/20/2011,820,RED,209740,1244258.60,0
5/27/2011,820,RED,209740,1221668.15,0
6/3/2011,820,RED,209740,1348428.63,0
6/10/2011,820,RED,209740,1319418.38,0
6/17/2011,820,RED,209740,1342298.37,0
6/24/2011,820,RED,209740,1259379.47,0
7/1/2011,820,RED,209740,1302263.69,0
7/8/2011,820,RED,209740,1339419.59,0
7/15/2011,820,RED,209740,1271338.36,0
7/22/2011,820,RED,209740,1295368.07,0
7/29/2011,820,RED,209740,1217730.30,0
8/5/2011,820,RED,209740,1407990.57,0
8/12/2011,820,RED,209740,1358980.06,0
8/19/2011,820,RED,209740,1488961.37,0
8/26/2011,820,RED,209740,1309498.38,0
9/2/2011,820,RED,209740,1302584.04,0
9/9/2011,820,RED,209740,1254231.58,1
9/16/2011,820,RED,209740,1275607.64,0
9/23/2011,820,RED,209740,1240566.78,0
9/30/2011,820,RED,209740,1195307.46,0
10/7/2011,820,RED,209740,1351062.69,0
10/14/2011,820,RED,209740,1291180.59,0
10/21/2011,820,RED,209740,1329899.16,0
10/28/2011,820,RED,209740,2073549.73,0
11/4/2011,820,RED,209740,1463079.01,0
11/11/2011,820,RED,209740,1402845.23,0
11/18/2011,820,RED,209740,1344321.13,0
11/25/2011,820,RED,209740,1930833.81,1
12/2/2011,820,RED,209740,1450321.49,0
12/9/2011,820,RED,209740,1671948.73,0
12/16/2011,820,RED,209740,1800539.96,0
12/23/2011,820,RED,209740,2226902.63,0
12/30/2011,820,RED,209740,1423789.14,1
1/6/2012,820,RED,209740,1336490.60,0
1/13/2012,820,RED,209740,1294563.67,0
1/20/2012,820,RED,209740,1958697.52,0
1/27/2012,820,RED,209740,1175697.58,0
2/3/2012,820,RED,209740,1481759.17,0
2/10/2012,820,RED,209740,1615803.38,1
2/17/2012,820,RED,209740,1604673.70,0
2/24/2012,820,RED,209740,1429419.66,0
3/2/2012,820,RED,209740,1480424.10,0
3/9/2012,820,RED,209740,1437312.65,0
3/16/2012,820,RED,209740,1463302.73,0
3/23/2012,820,RED,209740,1320911.95,0
3/30/2012,820,RED,209740,1321096.19,0
4/6/2012,820,RED,209740,1623956.50,0
4/13/2012,820,RED,209740,1499089.11,0
4/20/2012,820,RED,209740,1337094.26,0
4/27/2012,820,RED,209740,1252355.47,0
5/4/2012,820,RED,209740,1408977.05,0
5/11/2012,820,RED,209740,1331313.78,0
5/18/2012,820,RED,209740,1368844.15,0
5/25/2012,820,RED,209740,1329077.47,0
6/1/2012,820,RED,209740,1384504.93,0
6/8/2012,820,RED,209740,1444237.85,0
6/15/2012,820,RED,209740,1441482.31,0
6/22/2012,820,RED,209740,1380634.23,0
6/29/2012,820,RED,209740,1317624.85,0
7/6/2012,820,RED,209740,1488886.24,0
7/13/2012,820,RED,209740,1343900.72,0
7/20/2012,820,RED,209740,1365933.61,0
7/27/2012,820,RED,209740,1288072.47,0
8/3/2012,820,RED,209740,1458979.02,0
8/10/2012,820,RED,209740,1423299.46,0
8/17/2012,820,RED,209740,1440364.21,0
8/24/2012,820,RED,209740,1428745.15,0
8/31/2012,820,RED,209740,1412466.85,0
9/7/2012,820,RED,209740,1333887.32,1
9/14/2012,820,RED,209740,1293184.19,0
9/21/2012,820,RED,209740,1351118.61,0
9/28/2012,820,RED,209740,1248560.96,0
2/5/2010,1231,GRN,114479,1104838.00,0
2/12/2010,1231,GRN,114479,1122654.96,1
2/19/2010,1231,GRN,114479,1100213.28,0
2/26/2010,1231,GRN,114479,1053408.80,0
3/5/2010,1231,GRN,114479,1081809.90,0
3/12/2010,1231,GRN,114479,990385.86,0
3/19/2010,1231,GRN,114479,976879.97,0
3/26/2010,1231,GRN,114479,986407.44,0
4/2/2010,1231,GRN,114479,1016613.93,0
4/9/2010,1231,GRN,114479,1046030.50,0
4/16/2010,1231,GRN,114479,1533723.44,0
4/23/2010,1231,GRN,114479,998625.07,0
4/30/2010,1231,GRN,114479,959011.85,0
5/7/2010,1231,GRN,114479,1048031.90,0
5/14/2010,1231,GRN,114479,970846.60,0
5/21/2010,1231,GRN,114479,963166.19,0
5/28/2010,1231,GRN,114479,960242.79,0
6/4/2010,1231,GRN,114479,1054148.99,0
6/11/2010,1231,GRN,114479,1020831.34,0
6/18/2010,1231,GRN,114479,961002.83,0
6/25/2010,1231,GRN,114479,962799.32,0
7/2/2010,1231,GRN,114479,956748.94,0
7/9/2010,1231,GRN,114479,948297.91,0
7/16/2010,1231,GRN,114479,921194.39,0
7/23/2010,1231,GRN,114479,917195.30,0
7/30/2010,1231,GRN,114479,918339.88,0
8/6/2010,1231,GRN,114479,972368.58,0
8/13/2010,1231,GRN,114479,933056.03,0
8/20/2010,1231,GRN,114479,953238.97,0
8/27/2010,1231,GRN,114479,1009308.09,0
9/3/2010,1231,GRN,114479,1080550.18,0
9/10/2010,1231,GRN,114479,907910.66,1
9/17/2010,1231,GRN,114479,857674.24,0
9/24/2010,1231,GRN,114479,856710.97,0
10/1/2010,1231,GRN,114479,855727.89,0
10/8/2010,1231,GRN,114479,923127.31,0
10/15/2010,1231,GRN,114479,1517585.39,0
10/22/2010,1231,GRN,114479,862675.09,0
10/29/2010,1231,GRN,114479,960086.33,0
11/5/2010,1231,GRN,114479,934482.34,0
11/12/2010,1231,GRN,114479,947266.87,0
11/19/2010,1231,GRN,114479,899285.33,0
11/26/2010,1231,GRN,114479,1606169.04,1
12/3/2010,1231,GRN,114479,1074324.80,0
12/10/2010,1231,GRN,114479,1126725.78,0
12/17/2010,1231,GRN,114479,1300396.98,0
12/24/2010,1231,GRN,114479,1773041.52,0
12/31/2010,1231,GRN,114479,896528.54,1
1/7/2011,1231,GRN,114479,914901.87,0
1/14/2011,1231,GRN,114479,816803.43,0
1/21/2011,1231,GRN,114479,806897.13,0
1/28/2011,1231,GRN,114479,877910.69,0
2/4/2011,1231,GRN,114479,1050859.80,0
2/11/2011,1231,GRN,114479,1091213.20,1
2/18/2011,1231,GRN,114479,1133276.73,0
2/25/2011,1231,GRN,114479,1050995.35,0
3/4/2011,1231,GRN,114479,1090039.84,0
3/11/2011,1231,GRN,114479,1002464.25,0
3/18/2011,1231,GRN,114479,1014293.64,0
3/25/2011,1231,GRN,114479,958898.95,0
4/1/2011,1231,GRN,114479,1010255.12,0
4/8/2011,1231,GRN,114479,1003153.68,0
4/15/2011,1231,GRN,114479,995743.40,0
4/22/2011,1231,GRN,114479,1020811.10,0
4/29/2011,1231,GRN,114479,999757.73,0
5/6/2011,1231,GRN,114479,1025946.11,0
5/13/2011,1231,GRN,114479,981825.13,0
5/20/2011,1231,GRN,114479,928926.62,0
5/27/2011,1231,GRN,114479,969124.14,0
6/3/2011,1231,GRN,114479,975120.31,0
6/10/2011,1231,GRN,114479,1001729.58,0
6/17/2011,1231,GRN,114479,991296.56,0
6/24/2011,1231,GRN,114479,1002074.38,0
7/1/2011,1231,GRN,114479,966784.97,0
7/8/2011,1231,GRN,114479,948509.01,0
7/15/2011,1231,GRN,114479,940793.61,0
7/22/2011,1231,GRN,114479,927023.55,0
7/29/2011,1231,GRN,114479,895338.70,0
8/5/2011,1231,GRN,114479,993504.15,0
8/12/2011,1231,GRN,114479,960705.31,0
8/19/2011,1231,GRN,114479,971608.87,0
8/26/2011,1231,GRN,114479,1022385.10,0
9/2/2011,1231,GRN,114479,1056843.08,0
9/9/2011,1231,GRN,114479,927642.20,1
9/16/2011,1231,GRN,114479,894081.86,0
9/23/2011,1231,GRN,114479,1628867.37,0
9/30/2011,1231,GRN,114479,871193.08,0
10/7/2011,1231,GRN,114479,956036.29,0
10/14/2011,1231,GRN,114479,932391.64,0
10/21/2011,1231,GRN,114479,943396.21,0
10/28/2011,1231,GRN,114479,995718.01,0
11/4/2011,1231,GRN,114479,1056736.42,0
11/11/2011,1231,GRN,114479,1145880.18,0
11/18/2011,1231,GRN,114479,1677484.62,0
11/25/2011,1231,GRN,114479,1671141.54,1
12/2/2011,1231,GRN,114479,1107591.69,0
12/9/2011,1231,GRN,114479,1250554.89,0
12/16/2011,1231,GRN,114479,1314269.08,0
12/23/2011,1231,GRN,114479,1647853.36,0
12/30/2011,1231,GRN,114479,1190820.35,1
1/6/2012,1231,GRN,114479,1010161.42,0
1/13/2012,1231,GRN,114479,915300.37,0
1/20/2012,1231,GRN,114479,880177.30,0
1/27/2012,1231,GRN,114479,898834.24,0
2/3/2012,1231,GRN,114479,1200596.07,0
2/10/2012,1231,GRN,114479,1248746.15,1
2/17/2012,1231,GRN,114479,1295018.62,0
2/24/2012,1231,GRN,114479,1146626.61,0
3/2/2012,1231,GRN,114479,1181344.39,0
3/9/2012,1231,GRN,114479,1139685.00,0
3/16/2012,1231,GRN,114479,1111285.34,0
3/23/2012,1231,GRN,114479,1062693.84,0
3/30/2012,1231,GRN,114479,1051840.74,0
4/6/2012,1231,GRN,114479,1155890.81,0
4/13/2012,1231,GRN,114479,1110001.91,0
4/20/2012,1231,GRN,114479,1030189.85,0
4/27/2012,1231,GRN,114479,1017418.50,0
5/4/2012,1231,GRN,114479,1096157.61,0
5/11/2012,1231,GRN,114479,1065718.12,0
5/18/2012,1231,GRN,114479,1060151.54,0
5/25/2012,1231,GRN,114479,1011300.69,0
6/1/2012,1231,GRN,114479,1003857.20,0
6/8/2012,1231,GRN,114479,1112642.61,0
6/15/2012,1231,GRN,114479,1049986.90,0
6/22/2012,1231,GRN,114479,1008515.78,0
6/29/2012,1231,GRN,114479,964458.47,0
7/6/2012,1231,GRN,114479,1044012.17,0
7/13/2012,1231,GRN,114479,985868.61,0
7/20/2012,1231,GRN,114479,964628.63,0
7/27/2012,1231,GRN,114479,948461.02,0
8/3/2012,1231,GRN,114479,1033901.25,0
8/10/2012,1231,GRN,114479,1013435.77,0
8/17/2012,1231,GRN,114479,1031020.11,0
8/24/2012,1231,GRN,114479,1078980.31,0
8/31/2012,1231,GRN,114479,1116248.30,0
9/7/2012,1231,GRN,114479,987265.68,1
9/14/2012,1231,GRN,114479,906660.85,0
9/21/2012,1231,GRN,114479,954956.04,0
9/28/2012,1231,GRN,114479,896937.69,0
2/5/2010,389,GRN,125978,656914.07,0
2/12/2010,389,GRN,125978,687238.73,1
2/19/2010,389,GRN,125978,665630.38,0
2/26/2010,389,GRN,125978,569674.83,0
3/5/2010,389,GRN,125978,610117.06,0
3/12/2010,389,GRN,125978,608965.22,0
3/19/2010,389,GRN,125978,598502.30,0
3/26/2010,389,GRN,125978,596903.12,0
4/2/2010,389,GRN,125978,723262.34,0
4/9/2010,389,GRN,125978,639397.40,0
4/16/2010,389,GRN,125978,646000.28,0
4/23/2010,389,GRN,125978,647889.23,0
4/30/2010,389,GRN,125978,575582.74,0
5/7/2010,389,GRN,125978,666140.51,0
5/14/2010,389,GRN,125978,599176.83,0
5/21/2010,389,GRN,125978,621389.73,0
5/28/2010,389,GRN,125978,749564.51,0
6/4/2010,389,GRN,125978,697984.13,0
6/11/2010,389,GRN,125978,624128.92,0
6/18/2010,389,GRN,125978,657121.16,0
6/25/2010,389,GRN,125978,676985.66,0
7/2/2010,389,GRN,125978,714128.74,0
7/9/2010,389,GRN,125978,696289.25,0
7/16/2010,389,GRN,125978,1266061.56,0
7/23/2010,389,GRN,125978,603345.06,0
7/30/2010,389,GRN,125978,624015.69,0
8/6/2010,389,GRN,125978,644442.87,0
8/13/2010,389,GRN,125978,627228.71,0
8/20/2010,389,GRN,125978,641882.07,0
8/27/2010,389,GRN,125978,654582.78,0
9/3/2010,389,GRN,125978,643438.84,0
9/10/2010,389,GRN,125978,646756.83,1
9/17/2010,389,GRN,125978,588002.50,0
9/24/2010,389,GRN,125978,553334.10,0
10/1/2010,389,GRN,125978,571737.58,0
10/8/2010,389,GRN,125978,596395.42,0
10/15/2010,389,GRN,125978,581802.89,0
10/22/2010,389,GRN,125978,605187.36,0
10/29/2010,389,GRN,125978,603093.13,0
11/5/2010,389,GRN,125978,617779.27,0
11/12/2010,389,GRN,125978,624431.37,0
11/19/2010,389,GRN,125978,612992.44,0
11/26/2010,389,GRN,125978,1124810.55,1
12/3/2010,389,GRN,125978,758926.58,0
12/10/2010,389,GRN,125978,852085.67,0
12/17/2010,389,GRN,125978,988616.78,0
12/24/2010,389,GRN,125978,1373109.80,0
12/31/2010,389,GRN,125978,548545.80,1
1/7/2011,389,GRN,125978,514432.40,0
1/14/2011,389,GRN,125978,484215.83,0
1/21/2011,389,GRN,125978,492102.66,0
1/28/2011,389,GRN,125978,485911.23,0
2/4/2011,389,GRN,125978,561342.48,0
2/11/2011,389,GRN,125978,587655.98,1
2/18/2011,389,GRN,125978,1387773.04,0
2/25/2011,389,GRN,125978,552355.72,0
3/4/2011,389,GRN,125978,578166.12,0
3/11/2011,389,GRN,125978,541826.91,0
3/18/2011,389,GRN,125978,1277714.31,0
3/25/2011,389,GRN,125978,532180.91,0
4/1/2011,389,GRN,125978,547347.68,0
4/8/2011,389,GRN,125978,592162.44,0
4/15/2011,389,GRN,125978,612482.99,0
4/22/2011,389,GRN,125978,660109.89,0
4/29/2011,389,GRN,125978,565556.04,0
5/6/2011,389,GRN,125978,635314.30,0
5/13/2011,389,GRN,125978,635274.54,0
5/20/2011,389,GRN,125978,598733.53,0
5/27/2011,389,GRN,125978,640984.87,0
6/3/2011,389,GRN,125978,700187.82,0
6/10/2011,389,GRN,125978,647471.44,0
6/17/2011,389,GRN,125978,644720.48,0
6/24/2011,389,GRN,125978,661386.58,0
7/1/2011,389,GRN,125978,679460.79,0
7/8/2011,389,GRN,125978,639910.11,0
7/15/2011,389,GRN,125978,628906.19,0
7/22/2011,389,GRN,125978,612267.07,0
7/29/2011,389,GRN,125978,582302.65,0
8/5/2011,389,GRN,125978,612752.84,0
8/12/2011,389,GRN,125978,595628.00,0
8/19/2011,389,GRN,125978,604280.61,0
8/26/2011,389,GRN,125978,610204.80,0
9/2/2011,389,GRN,125978,653951.31,0
9/9/2011,389,GRN,125978,612385.14,1
9/16/2011,389,GRN,125978,549843.97,0
9/23/2011,389,GRN,125978,550362.49,0
9/30/2011,389,GRN,125978,526088.94,0
10/7/2011,389,GRN,125978,583860.51,0
10/14/2011,389,GRN,125978,542092.57,0
10/21/2011,389,GRN,125978,608110.52,0
10/28/2011,389,GRN,125978,594634.32,0
11/4/2011,389,GRN,125978,619913.41,0
11/11/2011,389,GRN,125978,645380.53,0
11/18/2011,389,GRN,125978,616042.98,0
11/25/2011,389,GRN,125978,1142625.71,1
12/2/2011,389,GRN,125978,735909.54,0
12/9/2011,389,GRN,125978,783871.54,0
12/16/2011,389,GRN,125978,883480.68,0
12/23/2011,389,GRN,125978,1193296.01,0
12/30/2011,389,GRN,125978,650536.52,1
1/6/2012,389,GRN,125978,551376.29,0
1/13/2012,389,GRN,125978,921493.14,0
1/20/2012,389,GRN,125978,508675.51,0
1/27/2012,389,GRN,125978,478112.09,0
2/3/2012,389,GRN,125978,583927.84,0
2/10/2012,389,GRN,125978,663220.52,1
2/17/2012,389,GRN,125978,648772.29,0
2/24/2012,389,GRN,125978,590145.97,0
3/2/2012,389,GRN,125978,573498.85,0
3/9/2012,389,GRN,125978,566499.45,0
3/16/2012,389,GRN,125978,584912.94,0
3/23/2012,389,GRN,125978,586402.00,0
3/30/2012,389,GRN,125978,574563.86,0
4/6/2012,389,GRN,125978,680408.98,0
4/13/2012,389,GRN,125978,577146.48,0
4/20/2012,389,GRN,125978,552481.18,0
4/27/2012,389,GRN,125978,537920.83,0
5/4/2012,389,GRN,125978,598128.04,0
5/11/2012,389,GRN,125978,601720.05,0
5/18/2012,389,GRN,125978,614294.90,0
5/25/2012,389,GRN,125978,709946.04,0
6/1/2012,389,GRN,125978,679642.81,0
6/8/2012,389,GRN,125978,629229.07,0
6/15/2012,389,GRN,125978,653449.75,0
6/22/2012,389,GRN,125978,703091.91,0
6/29/2012,389,GRN,125978,639290.58,0
7/6/2012,389,GRN,125978,1371447.49,0
7/13/2012,389,GRN,125978,605160.31,0
7/20/2012,389,GRN,125978,603821.89,0
7/27/2012,389,GRN,125978,585445.20,0
8/3/2012,389,GRN,125978,613047.85,0
8/10/2012,389,GRN,125978,617672.95,0
8/17/2012,389,GRN,125978,593917.39,0
8/24/2012,389,GRN,125978,621938.83,0
8/31/2012,389,GRN,125978,628739.31,0
9/7/2012,389,GRN,125978,607352.87,1
9/14/2012,389,GRN,125978,543933.23,0
9/21/2012,389,GRN,125978,547204.82,0
9/28/2012,389,GRN,125978,574410.92,0
2/5/2010,772,GRN,95429,793827.65,0
2/12/2010,772,GRN,95429,846743.54,1
2/19/2010,772,GRN,95429,805505.63,0
2/26/2010,772,GRN,95429,754341.18,0
3/5/2010,772,GRN,95429,788091.68,0
3/12/2010,772,GRN,95429,768753.45,0
3/19/2010,772,GRN,95429,756826.15,0
3/26/2010,772,GRN,95429,797889.27,0
4/2/2010,772,GRN,95429,853312.80,0
4/9/2010,772,GRN,95429,775019.65,0
4/16/2010,772,GRN,95429,762530.39,0
4/23/2010,772,GRN,95429,982582.46,0
4/30/2010,772,GRN,95429,812590.36,0
5/7/2010,772,GRN,95429,848640.28,0
5/14/2010,772,GRN,95429,818547.72,0
5/21/2010,772,GRN,95429,831418.13,0
5/28/2010,772,GRN,95429,877609.25,0
6/4/2010,772,GRN,95429,881694.50,0
6/11/2010,772,GRN,95429,850043.84,0
6/18/2010,772,GRN,95429,882787.90,0
6/25/2010,772,GRN,95429,898787.07,0
7/2/2010,772,GRN,95429,963667.00,0
7/9/2010,772,GRN,95429,841707.55,0
7/16/2010,772,GRN,95429,881383.04,0
7/23/2010,772,GRN,95429,898296.50,0
7/30/2010,772,GRN,95429,838308.82,0
8/6/2010,772,GRN,95429,800092.80,0
8/13/2010,772,GRN,95429,764786.81,0
8/20/2010,772,GRN,95429,788721.33,0
8/27/2010,772,GRN,95429,807375.52,0
9/3/2010,772,GRN,95429,839165.36,0
9/10/2010,772,GRN,95429,1205679.91,1
9/17/2010,772,GRN,95429,876055.88,0
9/24/2010,772,GRN,95429,857667.92,0
10/1/2010,772,GRN,95429,833998.90,0
10/8/2010,772,GRN,95429,832529.69,0
10/15/2010,772,GRN,95429,843088.95,0
10/22/2010,772,GRN,95429,1267006.46,0
10/29/2010,772,GRN,95429,866732.88,0
11/5/2010,772,GRN,95429,823226.12,0
11/12/2010,772,GRN,95429,860251.59,0
11/19/2010,772,GRN,95429,787044.20,0
11/26/2010,772,GRN,95429,1010240.39,1
12/3/2010,772,GRN,95429,931365.44,0
12/10/2010,772,GRN,95429,967267.18,0
12/17/2010,772,GRN,95429,1054164.01,0
12/24/2010,772,GRN,95429,1314018.42,0
12/31/2010,772,GRN,95429,640654.18,1
1/7/2011,772,GRN,95429,1087862.77,0
1/14/2011,772,GRN,95429,763301.99,0
1/21/2011,772,GRN,95429,760596.00,0
1/28/2011,772,GRN,95429,741127.32,0
2/4/2011,772,GRN,95429,821394.68,0
2/11/2011,772,GRN,95429,818003.09,1
2/18/2011,772,GRN,95429,865754.54,0
2/25/2011,772,GRN,95429,772048.16,0
3/4/2011,772,GRN,95429,820929.96,0
3/11/2011,772,GRN,95429,784393.99,0
3/18/2011,772,GRN,95429,783228.44,0
3/25/2011,772,GRN,95429,1245136.71,0
4/1/2011,772,GRN,95429,800650.86,0
4/8/2011,772,GRN,95429,816647.35,0
4/15/2011,772,GRN,95429,830075.06,0
4/22/2011,772,GRN,95429,1065561.74,0
4/29/2011,772,GRN,95429,811770.78,0
5/6/2011,772,GRN,95429,886923.91,0
5/13/2011,772,GRN,95429,875417.12,0
5/20/2011,772,GRN,95429,849234.98,0
5/27/2011,772,GRN,95429,896848.27,0
6/3/2011,772,GRN,95429,899812.11,0
6/10/2011,772,GRN,95429,885982.09,0
6/17/2011,772,GRN,95429,899478.30,0
6/24/2011,772,GRN,95429,925511.61,0
7/1/2011,772,GRN,95429,945345.97,0
7/8/2011,772,GRN,95429,919855.85,0
7/15/2011,772,GRN,95429,907519.39,0
7/22/2011,772,GRN,95429,903835.97,0
7/29/2011,772,GRN,95429,866686.40,0
8/5/2011,772,GRN,95429,870976.55,0
8/12/2011,772,GRN,95429,805611.42,0
8/19/2011,772,GRN,95429,802314.67,0
8/26/2011,772,GRN,95429,842182.42,0
9/2/2011,772,GRN,95429,852171.70,0
9/9/2011,772,GRN,95429,1166691.81,1
9/16/2011,772,GRN,95429,1550368.16,0
9/23/2011,772,GRN,95429,1384890.44,0
9/30/2011,772,GRN,95429,872982.68,0
10/7/2011,772,GRN,95429,922798.53,0
10/14/2011,772,GRN,95429,888834.26,0
10/21/2011,772,GRN,95429,882171.85,0
10/28/2011,772,GRN,95429,941300.06,0
11/4/2011,772,GRN,95429,932449.26,0
11/11/2011,772,GRN,95429,937131.32,0
11/18/2011,772,GRN,95429,897566.43,0
11/25/2011,772,GRN,95429,1298199.06,1
12/2/2011,772,GRN,95429,995957.29,0
12/9/2011,772,GRN,95429,999804.55,0
12/16/2011,772,GRN,95429,1083567.88,0
12/23/2011,772,GRN,95429,1302191.37,0
12/30/2011,772,GRN,95429,836422.07,1
1/6/2012,772,GRN,95429,1230249.87,0
1/13/2012,772,GRN,95429,889807.34,0
1/20/2012,772,GRN,95429,820803.61,0
1/27/2012,772,GRN,95429,780910.26,0
2/3/2012,772,GRN,95429,952011.96,0
2/10/2012,772,GRN,95429,918153.53,1
2/17/2012,772,GRN,95429,973927.10,0
2/24/2012,772,GRN,95429,871758.99,0
3/2/2012,772,GRN,95429,891370.97,0
3/9/2012,772,GRN,95429,1431857.46,0
3/16/2012,772,GRN,95429,871287.41,0
3/23/2012,772,GRN,95429,866222.08,0
3/30/2012,772,GRN,95429,893262.60,0
4/6/2012,772,GRN,95429,1011711.17,0
4/13/2012,772,GRN,95429,1427847.51,0
4/20/2012,772,GRN,95429,1134853.15,0
4/27/2012,772,GRN,95429,937152.30,0
5/4/2012,772,GRN,95429,1580259.61,0
5/11/2012,772,GRN,95429,959856.64,0
5/18/2012,772,GRN,95429,983556.86,0
5/25/2012,772,GRN,95429,1001013.31,0
6/1/2012,772,GRN,95429,954029.32,0
6/8/2012,772,GRN,95429,1008471.03,0
6/15/2012,772,GRN,95429,982222.66,0
6/22/2012,772,GRN,95429,997589.90,0
6/29/2012,772,GRN,95429,994693.48,0
7/6/2012,772,GRN,95429,1072881.90,0
7/13/2012,772,GRN,95429,978651.37,0
7/20/2012,772,GRN,95429,958030.94,0
7/27/2012,772,GRN,95429,930497.16,0
8/3/2012,772,GRN,95429,914254.79,0
8/10/2012,772,GRN,95429,865242.55,0
8/17/2012,772,GRN,95429,858332.55,0
8/24/2012,772,GRN,95429,942929.33,0
8/31/2012,772,GRN,95429,889956.44,0
9/7/2012,772,GRN,95429,1278861.43,1
9/14/2012,772,GRN,95429,1088701.61,0
9/21/2012,772,GRN,95429,959860.43,0
9/28/2012,772,GRN,95429,988192.01,0
2/5/2010,1246,GRN,122894,1210099.13,0
2/12/2010,1246,GRN,122894,1192672.33,1
2/19/2010,1246,GRN,122894,1155455.05,0
2/26/2010,1246,GRN,122894,1072949.08,0
3/5/2010,1246,GRN,122894,1184530.13,0
3/12/2010,1246,GRN,122894,1143591.95,0
3/19/2010,1246,GRN,122894,1092299.10,0
3/26/2010,1246,GRN,122894,1097495.72,0
4/2/2010,1246,GRN,122894,1258899.47,0
4/9/2010,1246,GRN,122894,1179239.18,0
4/16/2010,1246,GRN,122894,1140369.25,0
4/23/2010,1246,GRN,122894,1137225.18,0
4/30/2010,1246,GRN,122894,1065237.79,0
5/7/2010,1246,GRN,122894,1227047.10,0
5/14/2010,1246,GRN,122894,1097408.12,0
5/21/2010,1246,GRN,122894,1106412.99,0
5/28/2010,1246,GRN,122894,1261074.42,0
6/4/2010,1246,GRN,122894,1276103.39,0
6/11/2010,1246,GRN,122894,1178313.45,0
6/18/2010,1246,GRN,122894,1188017.55,0
6/25/2010,1246,GRN,122894,1225774.80,0
7/2/2010,1246,GRN,122894,1262719.98,0
7/9/2010,1246,GRN,122894,1176183.04,0
7/16/2010,1246,GRN,122894,1120306.24,0
7/23/2010,1246,GRN,122894,1037699.86,0
7/30/2010,1246,GRN,122894,1083349.25,0
8/6/2010,1246,GRN,122894,1170909.48,0
8/13/2010,1246,GRN,122894,1089514.41,0
8/20/2010,1246,GRN,122894,1146652.30,0
8/27/2010,1246,GRN,122894,1219094.39,0
9/3/2010,1246,GRN,122894,1822382.55,0
9/10/2010,1246,GRN,122894,1015992.75,1
9/17/2010,1246,GRN,122894,1002789.84,0
9/24/2010,1246,GRN,122894,955654.55,0
10/1/2010,1246,GRN,122894,953769.13,0
10/8/2010,1246,GRN,122894,1112224.34,0
10/15/2010,1246,GRN,122894,1034409.73,0
10/22/2010,1246,GRN,122894,1056912.06,0
10/29/2010,1246,GRN,122894,1043368.17,0
11/5/2010,1246,GRN,122894,1094322.57,0
11/12/2010,1246,GRN,122894,1086113.75,0
11/19/2010,1246,GRN,122894,1050514.00,0
11/26/2010,1246,GRN,122894,1658550.99,1
12/3/2010,1246,GRN,122894,1215817.76,0
12/10/2010,1246,GRN,122894,1420960.61,0
12/17/2010,1246,GRN,122894,1593222.34,0
12/24/2010,1246,GRN,122894,2032298.78,0
12/31/2010,1246,GRN,122894,892698.64,1
1/7/2011,1246,GRN,122894,938751.93,0
1/14/2011,1246,GRN,122894,781966.91,0
1/21/2011,1246,GRN,122894,895940.18,0
1/28/2011,1246,GRN,122894,854332.48,0
2/4/2011,1246,GRN,122894,1060632.87,0
2/18/2011,1246,GRN,122894,1099850.20,0
2/25/2011,1246,GRN,122894,1010774.94,0
3/4/2011,1246,GRN,122894,1068102.25,0
3/11/2011,1246,GRN,122894,1007505.88,0
3/18/2011,1246,GRN,122894,950681.22,0
3/25/2011,1246,GRN,122894,949314.93,0
4/1/2011,1246,GRN,122894,942874.80,0
4/8/2011,1246,GRN,122894,1023332.93,0
4/15/2011,1246,GRN,122894,992949.35,0
4/22/2011,1246,GRN,122894,1110651.69,0
4/29/2011,1246,GRN,122894,978906.02,0
5/6/2011,1246,GRN,122894,1070219.00,0
5/13/2011,1246,GRN,122894,997964.61,0
5/20/2011,1246,GRN,122894,999402.06,0
5/27/2011,1246,GRN,122894,1070005.77,0
6/3/2011,1246,GRN,122894,1182830.63,0
6/10/2011,1246,GRN,122894,1048870.83,0
6/17/2011,1246,GRN,122894,1050651.02,0
6/24/2011,1246,GRN,122894,1061270.28,0
7/1/2011,1246,GRN,122894,1091842.89,0
7/8/2011,1246,GRN,122894,1053594.25,0
7/15/2011,1246,GRN,122894,979707.76,0
7/22/2011,1246,GRN,122894,996054.09,0
7/29/2011,1246,GRN,122894,958940.27,0
8/5/2011,1246,GRN,122894,1007598.02,0
8/12/2011,1246,GRN,122894,933262.46,0
8/19/2011,1246,GRN,122894,937471.42,0
8/26/2011,1246,GRN,122894,1152698.09,0
9/2/2011,1246,GRN,122894,545714.57,0
9/9/2011,1246,GRN,122894,956341.24,1
9/16/2011,1246,GRN,122894,850507.00,0
9/23/2011,1246,GRN,122894,857864.80,0
9/30/2011,1246,GRN,122894,852139.71,0
10/7/2011,1246,GRN,122894,1024532.73,0
10/14/2011,1246,GRN,122894,958325.58,0
10/21/2011,1246,GRN,122894,1053004.25,0
10/28/2011,1246,GRN,122894,1111434.26,0
11/4/2011,1246,GRN,122894,1105416.69,0
11/11/2011,1246,GRN,122894,1125597.76,0
11/18/2011,1246,GRN,122894,1078210.32,0
11/25/2011,1246,GRN,122894,1705442.13,1
12/2/2011,1246,GRN,122894,1228225.79,0
12/9/2011,1246,GRN,122894,1391930.93,0
12/16/2011,1246,GRN,122894,1533937.41,0
12/23/2011,1246,GRN,122894,1895365.64,0
12/30/2011,1246,GRN,122894,1077784.61,1
1/6/2012,1246,GRN,122894,1046036.15,0
1/13/2012,1246,GRN,122894,928612.17,0
1/20/2012,1246,GRN,122894,956743.03,0
1/27/2012,1246,GRN,122894,840200.14,0
2/3/2012,1246,GRN,122894,1128166.15,0
2/10/2012,1246,GRN,122894,1236100.17,1
2/17/2012,1246,GRN,122894,1167912.77,0
2/24/2012,1246,GRN,122894,1069197.16,0
3/2/2012,1246,GRN,122894,1117239.43,0
3/9/2012,1246,GRN,122894,1105395.82,0
3/16/2012,1246,GRN,122894,1044613.38,0
3/23/2012,1246,GRN,122894,1047670.09,0
3/30/2012,1246,GRN,122894,1034255.46,0
4/6/2012,1246,GRN,122894,1224443.86,0
4/13/2012,1246,GRN,122894,1026112.25,0
4/20/2012,1246,GRN,122894,1058424.23,0
4/27/2012,1246,GRN,122894,973447.90,0
5/4/2012,1246,GRN,122894,1078639.10,0
5/11/2012,1246,GRN,122894,1084743.52,0
5/18/2012,1246,GRN,122894,1067486.58,0
5/25/2012,1246,GRN,122894,1112258.84,0
6/1/2012,1246,GRN,122894,1143909.02,0
6/8/2012,1246,GRN,122894,1135207.32,0
6/15/2012,1246,GRN,122894,1078616.22,0
6/22/2012,1246,GRN,122894,1105607.21,0
6/29/2012,1246,GRN,122894,1112124.75,0
7/6/2012,1246,GRN,122894,1184686.54,0
7/13/2012,1246,GRN,122894,1044728.13,0
7/20/2012,1246,GRN,122894,1045974.31,0
7/27/2012,1246,GRN,122894,945923.37,0
8/3/2012,1246,GRN,122894,1099609.45,0
8/17/2012,1246,GRN,122894,1061692.15,0
8/24/2012,1246,GRN,122894,1159013.69,0
8/31/2012,1246,GRN,122894,1160958.59,0
9/7/2012,1246,GRN,122894,1102965.59,1
9/14/2012,1246,GRN,122894,985257.17,0
9/21/2012,1246,GRN,122894,996540.47,0
9/28/2012,1246,GRN,122894,1017790.72,0
2/5/2010,421,RED,206060,1512428.80,0
2/12/2010,421,RED,206060,1541341.58,1
2/19/2010,421,RED,206060,1520767.74,0
2/26/2010,421,RED,206060,1378061.69,0
3/5/2010,421,RED,206060,1500636.20,0
3/12/2010,421,RED,206060,1472680.83,0
3/19/2010,421,RED,206060,1337731.98,0
3/26/2010,421,RED,206060,1431815.08,0
4/2/2010,421,RED,206060,1647761.90,0
4/9/2010,421,RED,206060,1494404.95,0
4/16/2010,421,RED,206060,1465146.30,0
4/23/2010,421,RED,206060,1461584.96,0
4/30/2010,421,RED,206060,1409857.20,0
5/7/2010,421,RED,206060,1571011.40,0
5/14/2010,421,RED,206060,1442111.08,0
5/21/2010,421,RED,206060,1382507.80,0
5/28/2010,421,RED,206060,2214809.42,0
6/4/2010,421,RED,206060,1523805.12,0
6/11/2010,421,RED,206060,1415475.57,0
6/18/2010,421,RED,206060,1462106.02,0
6/25/2010,421,RED,206060,1455198.95,0
7/2/2010,421,RED,206060,1553810.31,0
7/9/2010,421,RED,206060,1582332.87,0
7/16/2010,421,RED,206060,1416948.65,0
7/23/2010,421,RED,206060,1376835.34,0
7/30/2010,421,RED,206060,1371187.59,0
8/6/2010,421,RED,206060,1496852.52,0
8/13/2010,421,RED,206060,1422818.71,0
8/20/2010,421,RED,206060,1424174.82,0
8/27/2010,421,RED,206060,1562679.79,0
9/3/2010,421,RED,206060,1628311.27,0
9/10/2010,421,RED,206060,1596245.02,1
9/17/2010,421,RED,206060,1391580.94,0
9/24/2010,421,RED,206060,1323135.21,0
10/1/2010,421,RED,206060,1384247.93,0
10/8/2010,421,RED,206060,1433752.35,0
10/15/2010,421,RED,206060,1374109.26,0
10/22/2010,421,RED,206060,1361946.34,0
10/29/2010,421,RED,206060,1409368.11,0
11/5/2010,421,RED,206060,1440170.88,0
11/12/2010,421,RED,206060,1495027.49,0
11/19/2010,421,RED,206060,1382384.73,0
11/26/2010,421,RED,206060,1998159.46,1
12/3/2010,421,RED,206060,1620779.59,0
12/10/2010,421,RED,206060,1803862.61,0
12/17/2010,421,RED,206060,2546990.22,0
12/24/2010,421,RED,206060,2682998.05,0
12/31/2010,421,RED,206060,1279938.57,1
1/7/2011,421,RED,206060,1228967.62,0
1/14/2011,421,RED,206060,1185996.16,0
1/21/2011,421,RED,206060,1217759.47,0
1/28/2011,421,RED,206060,1288977.12,0
2/4/2011,421,RED,206060,1375353.74,0
2/11/2011,421,RED,206060,1435642.74,1
2/18/2011,421,RED,206060,1462061.79,0
2/25/2011,421,RED,206060,1301450.10,0
3/4/2011,421,RED,206060,1438361.07,0
3/11/2011,421,RED,206060,1356242.06,0
3/18/2011,421,RED,206060,1262764.00,0
3/25/2011,421,RED,206060,1271356.57,0
4/1/2011,421,RED,206060,1865540.87,0
4/8/2011,421,RED,206060,1424703.54,0
4/15/2011,421,RED,206060,1396884.67,0
4/22/2011,421,RED,206060,1519080.45,0
4/29/2011,421,RED,206060,1302029.33,0
5/6/2011,421,RED,206060,1456745.58,0
5/13/2011,421,RED,206060,1433934.69,0
5/20/2011,421,RED,206060,1360025.93,0
5/27/2011,421,RED,206060,1393344.74,0
6/3/2011,421,RED,206060,1462137.38,0
6/10/2011,421,RED,206060,1472265.26,0
6/17/2011,421,RED,206060,1423765.25,0
6/24/2011,421,RED,206060,1445577.33,0
7/1/2011,421,RED,206060,2242386.32,0
7/8/2011,421,RED,206060,1470281.38,0
7/15/2011,421,RED,206060,1396372.04,0
7/22/2011,421,RED,206060,1381911.08,0
7/29/2011,421,RED,206060,1303567.43,0
8/5/2011,421,RED,206060,1413760.18,0
8/12/2011,421,RED,206060,1365761.08,0
8/19/2011,421,RED,206060,1396584.32,0
8/26/2011,421,RED,206060,1552520.87,0
9/2/2011,421,RED,206060,1614742.65,0
9/9/2011,421,RED,206060,1571504.42,1
9/16/2011,421,RED,206060,1370425.16,0
9/23/2011,421,RED,206060,1305167.39,0
9/30/2011,421,RED,206060,1335548.85,0
10/7/2011,421,RED,206060,1466510.50,0
10/14/2011,421,RED,206060,1323697.16,0
10/21/2011,421,RED,206060,1379654.73,0
10/28/2011,421,RED,206060,1401403.99,0
11/4/2011,421,RED,206060,1485081.27,0
11/11/2011,421,RED,206060,1569668.79,0
11/18/2011,421,RED,206060,1441082.32,0
11/25/2011,421,RED,206060,2076624.06,1
12/2/2011,421,RED,206060,1542846.78,0
12/9/2011,421,RED,206060,1746589.59,0
12/16/2011,421,RED,206060,1872406.56,0
12/23/2011,421,RED,206060,2497570.10,0
12/30/2011,421,RED,206060,1474395.75,1
1/6/2012,421,RED,206060,1323249.98,0
1/13/2012,421,RED,206060,1213162.84,0
1/20/2012,421,RED,206060,1261103.42,0
1/27/2012,421,RED,206060,1297944.99,0
2/3/2012,421,RED,206060,1471745.01,0
2/10/2012,421,RED,206060,1553483.30,1
2/17/2012,421,RED,206060,1481859.01,0
2/24/2012,421,RED,206060,1397964.28,0
3/2/2012,421,RED,206060,1383352.48,0
3/9/2012,421,RED,206060,1380287.48,0
3/16/2012,421,RED,206060,1335592.23,0
3/23/2012,421,RED,206060,1360659.53,0
3/30/2012,421,RED,206060,1826049.21,0
4/6/2012,421,RED,206060,1657254.29,0
4/13/2012,421,RED,206060,1396563.56,0
4/20/2012,421,RED,206060,1280725.53,0
4/27/2012,421,RED,206060,1300959.65,0
5/4/2012,421,RED,206060,1445082.20,0
5/11/2012,421,RED,206060,1465954.61,0
5/18/2012,421,RED,206060,1392049.49,0
5/25/2012,421,RED,206060,1508183.66,0
6/1/2012,421,RED,206060,1474381.27,0
6/8/2012,421,RED,206060,1418584.46,0
6/15/2012,421,RED,206060,1467009.59,0
6/22/2012,421,RED,206060,1503673.94,0
6/29/2012,421,RED,206060,1982687.20,0
7/6/2012,421,RED,206060,1591800.54,0
7/13/2012,421,RED,206060,1343357.02,0
7/20/2012,421,RED,206060,1338338.63,0
7/27/2012,421,RED,206060,1273386.20,0
8/3/2012,421,RED,206060,1405893.37,0
8/10/2012,421,RED,206060,1430430.17,0
8/17/2012,421,RED,206060,1394555.43,0
8/24/2012,421,RED,206060,1574933.81,0
8/31/2012,421,RED,206060,1581118.79,0
9/7/2012,421,RED,206060,1521212.00,1
9/14/2012,421,RED,206060,1399819.15,0
9/21/2012,421,RED,206060,2105812.09,0
9/28/2012,421,RED,206060,1355177.67,0
2/5/2010,1061,RED,205983,2406187.10,0
2/12/2010,1061,RED,205983,2113899.53,1
2/19/2010,1061,RED,205983,2166341.39,0
2/26/2010,1061,RED,205983,1902985.58,0
3/5/2010,1061,RED,205983,2124005.35,0
3/12/2010,1061,RED,205983,2015766.47,0
3/19/2010,1061,RED,205983,1956640.06,0
3/26/2010,1061,RED,205983,1899534.58,0
4/2/2010,1061,RED,205983,2410186.85,0
4/9/2010,1061,RED,205983,2012587.89,0
4/16/2010,1061,RED,205983,1990576.22,0
4/23/2010,1061,RED,205983,1883654.05,0
4/30/2010,1061,RED,205983,1923844.84,0
5/7/2010,1061,RED,205983,2141994.01,0
5/14/2010,1061,RED,205983,2038003.25,0
5/21/2010,1061,RED,205983,1898528.53,0
5/28/2010,1061,RED,205983,2070776.58,0
6/4/2010,1061,RED,205983,2208410.98,0
6/11/2010,1061,RED,205983,2105281.42,0
6/18/2010,1061,RED,205983,2096695.26,0
6/25/2010,1061,RED,205983,1977927.50,0
7/2/2010,1061,RED,205983,2148468.40,0
7/9/2010,1061,RED,205983,2112077.48,0
7/16/2010,1061,RED,205983,2036643.79,0
7/23/2010,1061,RED,205983,1905327.53,0
7/30/2010,1061,RED,205983,1960688.22,0
8/6/2010,1061,RED,205983,1914969.01,0
8/13/2010,1061,RED,205983,2075814.08,0
8/20/2010,1061,RED,205983,1980166.19,0
8/27/2010,1061,RED,205983,1951161.20,0
9/3/2010,1061,RED,205983,2126353.04,0
9/10/2010,1061,RED,205983,2019746.42,1
9/17/2010,1061,RED,205983,1953151.41,0
9/24/2010,1061,RED,205983,1794479.28,0
10/1/2010,1061,RED,205983,1938510.84,0
10/8/2010,1061,RED,205983,2065180.90,0
10/15/2010,1061,RED,205983,1955468.02,0
10/22/2010,1061,RED,205983,1898746.90,0
10/29/2010,1061,RED,205983,1896607.63,0
11/5/2010,1061,RED,205983,2189108.27,0
11/12/2010,1061,RED,205983,2192556.91,0
11/19/2010,1061,RED,205983,2109850.54,0
11/26/2010,1061,RED,205983,2816425.67,1
12/3/2010,1061,RED,205983,2420842.80,0
12/10/2010,1061,RED,205983,2756913.71,0
12/17/2010,1061,RED,205983,2823984.80,0
12/24/2010,1061,RED,205983,3771479.06,0
12/31/2010,1061,RED,205983,1804529.42,1
1/7/2011,1061,RED,205983,1847822.58,0
1/14/2011,1061,RED,205983,1889136.64,0
1/21/2011,1061,RED,205983,1786597.29,0
1/28/2011,1061,RED,205983,1766298.31,0
2/4/2011,1061,RED,205983,2355934.70,0
2/11/2011,1061,RED,205983,2953466.38,1
2/18/2011,1061,RED,205983,2263407.87,0
2/25/2011,1061,RED,205983,1943400.15,0
3/4/2011,1061,RED,205983,2148216.24,0
3/11/2011,1061,RED,205983,1995724.40,0
3/18/2011,1061,RED,205983,1936460.27,0
3/25/2011,1061,RED,205983,1829502.84,0
4/1/2011,1061,RED,205983,1932784.72,0
4/8/2011,1061,RED,205983,2031848.02,0
4/15/2011,1061,RED,205983,2062197.96,0
4/22/2011,1061,RED,205983,2318653.44,0
4/29/2011,1061,RED,205983,1886579.82,0
5/6/2011,1061,RED,205983,2095630.07,0
5/13/2011,1061,RED,205983,2041540.16,0
5/20/2011,1061,RED,205983,1958207.69,0
5/27/2011,1061,RED,205983,1949224.80,0
6/3/2011,1061,RED,205983,2187038.32,0
6/10/2011,1061,RED,205983,2139853.67,0
6/17/2011,1061,RED,205983,2069982.90,0
6/24/2011,1061,RED,205983,1955617.95,0
7/1/2011,1061,RED,205983,2057957.04,0
7/8/2011,1061,RED,205983,2128579.42,0
7/15/2011,1061,RED,205983,2044667.38,0
7/22/2011,1061,RED,205983,2722165.00,0
7/29/2011,1061,RED,205983,1863232.55,0
8/5/2011,1061,RED,205983,2194145.26,0
8/12/2011,1061,RED,205983,2057038.03,0
8/19/2011,1061,RED,205983,1994809.56,0
8/26/2011,1061,RED,205983,1938368.83,0
9/2/2011,1061,RED,205983,2146557.61,0
9/9/2011,1061,RED,205983,2055334.19,1
9/16/2011,1061,RED,205983,1983801.09,0
9/23/2011,1061,RED,205983,1892911.33,0
9/30/2011,1061,RED,205983,1950599.89,0
10/7/2011,1061,RED,205983,2140774.42,0
10/14/2011,1061,RED,205983,2014899.31,0
10/21/2011,1061,RED,205983,2109033.53,0
10/28/2011,1061,RED,205983,2070213.15,0
11/4/2011,1061,RED,205983,2288898.23,0
11/11/2011,1061,RED,205983,2340117.62,0
11/18/2011,1061,RED,205983,2193185.88,0
11/25/2011,1061,RED,205983,3018857.20,1
12/2/2011,1061,RED,205983,2385133.48,0
12/9/2011,1061,RED,205983,2581668.94,0
12/16/2011,1061,RED,205983,2783813.47,0
12/23/2011,1061,RED,205983,3571812.13,0
12/30/2011,1061,RED,205983,2161188.30,1
1/6/2012,1061,RED,205983,2035493.73,0
1/13/2012,1061,RED,205983,1946853.87,0
1/20/2012,1061,RED,205983,1913272.38,0
1/27/2012,1061,RED,205983,1776204.00,0
2/3/2012,1061,RED,205983,2341863.06,0
2/10/2012,1061,RED,205983,2518999.27,1
2/17/2012,1061,RED,205983,2385421.31,0
2/24/2012,1061,RED,205983,2098637.30,0
3/2/2012,1061,RED,205983,2221923.47,0
3/9/2012,1061,RED,205983,2166604.47,0
3/16/2012,1061,RED,205983,2086745.36,0
3/23/2012,1061,RED,205983,2009514.93,0
3/30/2012,1061,RED,205983,2098122.54,0
4/6/2012,1061,RED,205983,2593916.36,0
4/13/2012,1061,RED,205983,2809754.60,0
4/20/2012,1061,RED,205983,1911253.37,0
4/27/2012,1061,RED,205983,1900739.75,0
5/4/2012,1061,RED,205983,2211183.05,0
5/11/2012,1061,RED,205983,2199028.00,0
5/18/2012,1061,RED,205983,2062753.61,0
5/25/2012,1061,RED,205983,2139765.45,0
6/1/2012,1061,RED,205983,2170914.21,0
6/8/2012,1061,RED,205983,2259239.95,0
6/15/2012,1061,RED,205983,2192817.23,0
6/22/2012,1061,RED,205983,2093865.18,0
6/29/2012,1061,RED,205983,2075897.96,0
7/6/2012,1061,RED,205983,2392347.86,0
7/13/2012,1061,RED,205983,2164832.44,0
7/20/2012,1061,RED,205983,1990962.78,0
7/27/2012,1061,RED,205983,1946723.17,0
8/3/2012,1061,RED,205983,2163547.79,0
8/10/2012,1061,RED,205983,2183039.96,0
8/17/2012,1061,RED,205983,2062051.57,0
8/24/2012,1061,RED,205983,2038466.69,0
8/31/2012,1061,RED,205983,2103676.02,0
9/7/2012,1061,RED,205983,2106555.61,1
9/14/2012,1061,RED,205983,2075712.80,0
9/21/2012,1061,RED,205983,2056594.48,0
9/28/2012,1061,RED,205983,2033680.75,0
2/5/2010,1387,GRN,95879,543426.09,0
2/12/2010,1387,GRN,95879,534464.58,1
2/19/2010,1387,GRN,95879,547190.70,0
2/26/2010,1387,GRN,95879,493209.24,0
3/5/2010,1387,GRN,95879,539879.54,0
3/12/2010,1387,GRN,95879,523834.12,0
3/19/2010,1387,GRN,95879,501643.23,0
3/26/2010,1387,GRN,95879,557776.97,0
4/2/2010,1387,GRN,95879,604420.88,0
4/9/2010,1387,GRN,95879,574728.86,0
4/16/2010,1387,GRN,95879,513892.47,0
4/23/2010,1387,GRN,95879,510121.29,0
4/30/2010,1387,GRN,95879,505805.10,0
5/7/2010,1387,GRN,95879,573288.98,0
5/14/2010,1387,GRN,95879,523732.51,0
5/21/2010,1387,GRN,95879,506813.45,0
5/28/2010,1387,GRN,95879,582419.29,0
6/4/2010,1387,GRN,95879,592809.29,0
6/11/2010,1387,GRN,95879,545508.21,0
6/18/2010,1387,GRN,95879,563523.37,0
6/25/2010,1387,GRN,95879,590340.42,0
7/2/2010,1387,GRN,95879,1157199.47,0
7/9/2010,1387,GRN,95879,568241.06,0
7/16/2010,1387,GRN,95879,517083.64,0
7/23/2010,1387,GRN,95879,511293.72,0
7/30/2010,1387,GRN,95879,514664.40,0
8/6/2010,1387,GRN,95879,524579.56,0
8/13/2010,1387,GRN,95879,500060.63,0
8/20/2010,1387,GRN,95879,536431.82,0
8/27/2010,1387,GRN,95879,550557.76,0
9/3/2010,1387,GRN,95879,584064.01,0
9/10/2010,1387,GRN,95879,496082.00,1
9/17/2010,1387,GRN,95879,468544.52,0
9/24/2010,1387,GRN,95879,470130.04,0
10/1/2010,1387,GRN,95879,479489.64,0
10/8/2010,1387,GRN,95879,534850.69,0
10/15/2010,1387,GRN,95879,487803.32,0
10/22/2010,1387,GRN,95879,510012.80,0
10/29/2010,1387,GRN,95879,1248933.52,0
11/5/2010,1387,GRN,95879,525794.60,0
11/12/2010,1387,GRN,95879,529242.33,0
11/19/2010,1387,GRN,95879,512966.18,0
11/26/2010,1387,GRN,95879,980060.54,1
12/3/2010,1387,GRN,95879,647470.16,0
12/10/2010,1387,GRN,95879,718626.37,0
12/17/2010,1387,GRN,95879,855329.88,0
12/24/2010,1387,GRN,95879,1135718.42,0
12/31/2010,1387,GRN,95879,470783.65,1
1/7/2011,1387,GRN,95879,460743.81,0
1/14/2011,1387,GRN,95879,431696.89,0
1/21/2011,1387,GRN,95879,449925.78,0
1/28/2011,1387,GRN,95879,415218.60,0
2/4/2011,1387,GRN,95879,508918.52,0
2/11/2011,1387,GRN,95879,555179.41,1
2/18/2011,1387,GRN,95879,547320.84,0
2/25/2011,1387,GRN,95879,488451.78,0
3/4/2011,1387,GRN,95879,540823.30,0
3/11/2011,1387,GRN,95879,498222.08,0
3/18/2011,1387,GRN,95879,498445.06,0
3/25/2011,1387,GRN,95879,483564.68,0
4/1/2011,1387,GRN,95879,480406.89,0
4/8/2011,1387,GRN,95879,510095.96,0
4/15/2011,1387,GRN,95879,523037.60,0
4/22/2011,1387,GRN,95879,594044.32,0
4/29/2011,1387,GRN,95879,497870.27,0
5/6/2011,1387,GRN,95879,539164.16,0
5/13/2011,1387,GRN,95879,554342.65,0
5/20/2011,1387,GRN,95879,497724.14,0
5/27/2011,1387,GRN,95879,555527.27,0
6/3/2011,1387,GRN,95879,603043.20,0
6/10/2011,1387,GRN,95879,563223.07,0
6/17/2011,1387,GRN,95879,541705.80,0
6/24/2011,1387,GRN,95879,550159.80,0
7/1/2011,1387,GRN,95879,571906.23,0
7/8/2011,1387,GRN,95879,552377.70,0
7/15/2011,1387,GRN,95879,510037.78,0
7/22/2011,1387,GRN,95879,512127.38,0
7/29/2011,1387,GRN,95879,479444.69,0
8/5/2011,1387,GRN,95879,508278.00,0
8/12/2011,1387,GRN,95879,476103.13,0
8/19/2011,1387,GRN,95879,502847.63,0
8/26/2011,1387,GRN,95879,613086.61,0
9/2/2011,1387,GRN,95879,501877.54,0
9/9/2011,1387,GRN,95879,510198.35,1
9/16/2011,1387,GRN,95879,478920.98,0
9/23/2011,1387,GRN,95879,480488.00,0
9/30/2011,1387,GRN,95879,451307.89,0
10/7/2011,1387,GRN,95879,519784.63,0
10/14/2011,1387,GRN,95879,480568.08,0
10/21/2011,1387,GRN,95879,509859.85,0
10/28/2011,1387,GRN,95879,519911.27,0
11/4/2011,1387,GRN,95879,625527.35,0
11/11/2011,1387,GRN,95879,560119.56,0
11/18/2011,1387,GRN,95879,527304.68,0
11/25/2011,1387,GRN,95879,968941.32,1
12/2/2011,1387,GRN,95879,597888.34,0
12/9/2011,1387,GRN,95879,649318.85,0
12/16/2011,1387,GRN,95879,754301.90,0
12/23/2011,1387,GRN,95879,1027946.72,0
12/30/2011,1387,GRN,95879,581752.87,1
1/6/2012,1387,GRN,95879,498886.86,0
1/13/2012,1387,GRN,95879,464978.20,0
1/20/2012,1387,GRN,95879,463130.69,0
1/27/2012,1387,GRN,95879,409095.88,0
2/3/2012,1387,GRN,95879,541976.26,0
2/10/2012,1387,GRN,95879,581266.65,1
2/17/2012,1387,GRN,95879,589534.43,0
2/24/2012,1387,GRN,95879,516167.37,0
3/2/2012,1387,GRN,95879,531484.64,0
3/9/2012,1387,GRN,95879,520426.90,0
3/16/2012,1387,GRN,95879,504503.30,0
3/23/2012,1387,GRN,95879,530536.29,0
3/30/2012,1387,GRN,95879,519017.63,0
4/6/2012,1387,GRN,95879,657233.50,0
4/13/2012,1387,GRN,95879,537415.82,0
4/20/2012,1387,GRN,95879,539535.13,0
4/27/2012,1387,GRN,95879,507142.81,0
5/4/2012,1387,GRN,95879,520693.72,0
5/11/2012,1387,GRN,95879,546838.18,0
5/18/2012,1387,GRN,95879,555240.86,0
5/25/2012,1387,GRN,95879,567664.17,0
6/1/2012,1387,GRN,95879,596091.44,0
6/8/2012,1387,GRN,95879,572911.82,0
6/15/2012,1387,GRN,95879,566296.30,0
6/22/2012,1387,GRN,95879,599721.11,0
6/29/2012,1387,GRN,95879,572461.50,0
7/6/2012,1387,GRN,95879,599268.52,0
7/13/2012,1387,GRN,95879,528222.87,0
7/20/2012,1387,GRN,95879,518575.61,0
7/27/2012,1387,GRN,95879,490714.41,0
8/3/2012,1387,GRN,95879,525756.25,0
8/10/2012,1387,GRN,95879,559071.05,0
8/17/2012,1387,GRN,95879,428968.90,0
8/24/2012,1387,GRN,95879,628657.38,0
8/31/2012,1387,GRN,95879,563646.62,0
9/7/2012,1387,GRN,95879,560267.65,1
9/14/2012,1387,GRN,95879,495257.25,0
9/21/2012,1387,GRN,95879,503034.40,0
9/28/2012,1387,GRN,95879,506747.24,0
9/23/2011,1451,BLU,45229,396629.19,0
9/30/2011,1451,BLU,45229,391792.76,0
10/7/2011,1451,BLU,45229,422319.89,0
10/14/2011,1451,BLU,45229,415503.62,0
10/21/2011,1451,BLU,45229,433750.16,0
10/28/2011,1451,BLU,45229,430943.51,0
11/4/2011,1451,BLU,45229,437150.67,0
11/11/2011,1451,BLU,45229,421992.47,0
11/18/2011,1451,BLU,45229,446064.13,0
11/25/2011,1451,BLU,45229,458921.47,1
12/2/2011,1451,BLU,45229,420802.09,0
12/9/2011,1451,BLU,45229,445651.69,0
12/16/2011,1451,BLU,45229,448659.73,0
12/23/2011,1451,BLU,45229,502415.60,0
12/30/2011,1451,BLU,45229,387505.07,1
1/6/2012,1451,BLU,45229,468994.97,0
1/13/2012,1451,BLU,45229,457065.38,0
1/20/2012,1451,BLU,45229,448693.53,0
1/27/2012,1451,BLU,45229,440978.41,0
2/3/2012,1451,BLU,45229,446090.52,0
2/10/2012,1451,BLU,45229,463908.20,1
2/17/2012,1451,BLU,45229,446468.63,0
2/24/2012,1451,BLU,45229,435963.77,0
3/2/2012,1451,BLU,45229,449330.64,0
3/9/2012,1451,BLU,45229,457869.84,0
3/16/2012,1451,BLU,45229,422714.97,0
3/23/2012,1451,BLU,45229,441135.96,0
3/30/2012,1451,BLU,45229,458657.58,0
4/6/2012,1451,BLU,45229,471032.54,0
4/13/2012,1451,BLU,45229,438864.86,0
4/20/2012,1451,BLU,45229,472508.50,0
4/27/2012,1451,BLU,45229,442051.23,0
5/4/2012,1451,BLU,45229,464831.80,0
5/11/2012,1451,BLU,45229,445392.83,0
5/18/2012,1451,BLU,45229,468120.01,0
5/25/2012,1451,BLU,45229,458325.92,0
6/1/2012,1451,BLU,45229,440882.64,0
6/8/2012,1451,BLU,45229,448438.98,0
6/15/2012,1451,BLU,45229,447130.24,0
6/22/2012,1451,BLU,45229,438856.15,0
6/29/2012,1451,BLU,45229,431283.67,0
7/6/2012,1451,BLU,45229,451049.45,0
7/13/2012,1451,BLU,45229,432523.53,0
7/20/2012,1451,BLU,45229,436802.16,0
7/27/2012,1451,BLU,45229,435532.28,0
8/3/2012,1451,BLU,45229,435438.24,0
8/10/2012,1451,BLU,45229,441253.12,0
8/17/2012,1451,BLU,45229,431974.38,0
8/24/2012,1451,BLU,45229,434564.79,0
8/31/2012,1451,BLU,45229,448739.87,0
9/7/2012,1451,BLU,45229,443115.01,1
9/14/2012,1451,BLU,45229,448135.05,0
9/21/2012,1451,BLU,45229,452575.36,0
9/28/2012,1451,BLU,45229,433407.27,0
2/5/2010,1225,RED,205991,1474043.68,0
2/12/2010,1225,RED,205991,1548738.86,1
2/19/2010,1225,RED,205991,1478178.38,0
2/26/2010,1225,RED,205991,1349146.04,0
3/5/2010,1225,RED,205991,1389662.14,0
3/12/2010,1225,RED,205991,1370984.98,0
3/19/2010,1225,RED,205991,1337052.64,0
3/26/2010,1225,RED,205991,1234427.33,0
4/2/2010,1225,RED,205991,1362392.31,0
4/9/2010,1225,RED,205991,1400501.72,0
4/16/2010,1225,RED,205991,1372239.91,0
4/23/2010,1225,RED,205991,1831366.83,0
4/30/2010,1225,RED,205991,1247991.87,0
5/7/2010,1225,RED,205991,1386588.43,0
5/14/2010,1225,RED,205991,1292080.22,0
5/21/2010,1225,RED,205991,1342197.23,0
5/28/2010,1225,RED,205991,1314228.80,0
6/4/2010,1225,RED,205991,1432416.13,0
6/11/2010,1225,RED,205991,1381883.96,0
6/18/2010,1225,RED,205991,1372881.71,0
6/25/2010,1225,RED,205991,1308315.36,0
7/2/2010,1225,RED,205991,1316496.55,0
7/9/2010,1225,RED,205991,1319910.03,0
7/16/2010,1225,RED,205991,1340225.35,0
7/23/2010,1225,RED,205991,1280823.47,0
7/30/2010,1225,RED,205991,1236784.77,0
8/6/2010,1225,RED,205991,1357192.71,0
8/13/2010,1225,RED,205991,1332510.97,0
8/20/2010,1225,RED,205991,1381362.84,0
8/27/2010,1225,RED,205991,1331413.61,0
9/3/2010,1225,RED,205991,1306839.11,0
9/10/2010,1225,RED,205991,1312970.65,1
9/17/2010,1225,RED,205991,1298896.64,0
9/24/2010,1225,RED,205991,1235041.88,0
10/1/2010,1225,RED,205991,1218773.27,0
10/8/2010,1225,RED,205991,1304923.31,0
10/15/2010,1225,RED,205991,1270644.06,0
10/22/2010,1225,RED,205991,1267080.92,0
10/29/2010,1225,RED,205991,1262712.91,0
11/5/2010,1225,RED,205991,1329247.35,0
11/12/2010,1225,RED,205991,1357572.39,0
11/19/2010,1225,RED,205991,1363950.20,0
11/26/2010,1225,RED,205991,1863647.69,1
12/3/2010,1225,RED,205991,1343508.00,0
12/10/2010,1225,RED,205991,1480476.73,0
12/17/2010,1225,RED,205991,1719458.63,0
12/24/2010,1225,RED,205991,2073734.60,0
12/31/2010,1225,RED,205991,1202863.23,1
1/7/2011,1225,RED,205991,1316778.50,0
1/14/2011,1225,RED,205991,1355521.94,0
1/21/2011,1225,RED,205991,1348958.76,0
1/28/2011,1225,RED,205991,1259747.31,0
2/4/2011,1225,RED,205991,1447998.09,0
2/11/2011,1225,RED,205991,1544021.95,1
2/18/2011,1225,RED,205991,1543855.54,0
2/25/2011,1225,RED,205991,1370469.85,0
3/4/2011,1225,RED,205991,1417512.81,0
3/11/2011,1225,RED,205991,1410364.56,0
3/18/2011,1225,RED,205991,1430350.65,0
3/25/2011,1225,RED,205991,1361827.73,0
4/1/2011,1225,RED,205991,1349682.36,0
4/8/2011,1225,RED,205991,1421581.80,0
4/15/2011,1225,RED,205991,1413255.71,0
4/22/2011,1225,RED,205991,1466185.54,0
4/29/2011,1225,RED,205991,1335929.59,0
5/6/2011,1225,RED,205991,1393547.24,0
5/13/2011,1225,RED,205991,1412909.85,0
5/20/2011,1225,RED,205991,1392156.82,0
5/27/2011,1225,RED,205991,1347065.27,0
6/3/2011,1225,RED,205991,1435139.73,0
6/10/2011,1225,RED,205991,1430091.00,0
6/17/2011,1225,RED,205991,1495830.77,0
6/24/2011,1225,RED,205991,1380754.09,0
7/1/2011,1225,RED,205991,2051859.85,0
7/8/2011,1225,RED,205991,1427936.10,0
7/15/2011,1225,RED,205991,1420265.54,0
7/22/2011,1225,RED,205991,1406736.43,0
7/29/2011,1225,RED,205991,1312913.78,0
8/5/2011,1225,RED,205991,1433784.96,0
8/12/2011,1225,RED,205991,1448103.12,0
8/19/2011,1225,RED,205991,1492334.16,0
8/26/2011,1225,RED,205991,1422058.70,0
9/2/2011,1225,RED,205991,1390560.66,0
9/9/2011,1225,RED,205991,1381461.90,1
9/16/2011,1225,RED,205991,1368252.49,0
9/23/2011,1225,RED,205991,1352399.37,0
9/30/2011,1225,RED,205991,1290326.37,0
10/7/2011,1225,RED,205991,1432174.87,0
10/14/2011,1225,RED,205991,1383131.81,0
10/21/2011,1225,RED,205991,1414102.03,0
10/28/2011,1225,RED,205991,1351654.35,0
11/4/2011,1225,RED,205991,1431197.09,0
11/11/2011,1225,RED,205991,1499937.28,0
11/18/2011,1225,RED,205991,1474102.78,0
11/25/2011,1225,RED,205991,1984003.91,1
12/2/2011,1225,RED,205991,1431200.41,0
12/9/2011,1225,RED,205991,1582191.72,0
12/16/2011,1225,RED,205991,1627264.27,0
12/23/2011,1225,RED,205991,2044215.40,0
12/30/2011,1225,RED,205991,1399132.95,1
1/6/2012,1225,RED,205991,1449407.08,0
1/13/2012,1225,RED,205991,1409222.25,0
1/20/2012,1225,RED,205991,1391107.19,0
1/27/2012,1225,RED,205991,1277191.59,0
2/3/2012,1225,RED,205991,1504361.49,0
2/10/2012,1225,RED,205991,1576525.44,1
2/17/2012,1225,RED,205991,1613150.06,0
2/24/2012,1225,RED,205991,1425369.18,0
3/2/2012,1225,RED,205991,1478313.72,0
3/9/2012,1225,RED,205991,1464182.16,0
3/16/2012,1225,RED,205991,1507742.76,0
3/23/2012,1225,RED,205991,1386932.29,0
3/30/2012,1225,RED,205991,1342522.72,0
4/6/2012,1225,RED,205991,1537981.01,0
4/13/2012,1225,RED,205991,1432001.45,0
4/20/2012,1225,RED,205991,1432606.67,0
4/27/2012,1225,RED,205991,1332587.32,0
5/4/2012,1225,RED,205991,1421834.83,0
5/11/2012,1225,RED,205991,2157547.16,0
5/18/2012,1225,RED,205991,1475895.39,0
5/25/2012,1225,RED,205991,1424779.53,0
6/1/2012,1225,RED,205991,1428987.74,0
6/8/2012,1225,RED,205991,1464977.28,0
6/15/2012,1225,RED,205991,1453505.09,0
6/22/2012,1225,RED,205991,1421316.11,0
6/29/2012,1225,RED,205991,1368921.55,0
7/6/2012,1225,RED,205991,1480508.10,0
7/13/2012,1225,RED,205991,1403863.92,0
7/20/2012,1225,RED,205991,1411328.17,0
7/27/2012,1225,RED,205991,1338905.14,0
8/3/2012,1225,RED,205991,1444324.28,0
8/10/2012,1225,RED,205991,1421038.98,0
8/17/2012,1225,RED,205991,1429234.74,0
8/24/2012,1225,RED,205991,1407111.54,0
8/31/2012,1225,RED,205991,1430146.45,0
9/7/2012,1225,RED,205991,1386324.80,1
9/14/2012,1225,RED,205991,1355635.29,0
9/21/2012,1225,RED,205991,2175590.91,0
9/28/2012,1225,RED,205991,1302112.81,0
2/5/2010,788,RED,205248,1092407.82,0
2/12/2010,788,RED,205248,1128357.75,1
2/19/2010,788,RED,205248,1087350.69,0
2/26/2010,788,RED,205248,1058038.73,0
3/5/2010,788,RED,205248,1071358.37,0
3/12/2010,788,RED,205248,1098111.00,0
3/19/2010,788,RED,205248,1064573.41,0
3/26/2010,788,RED,205248,1080813.21,0
4/2/2010,788,RED,205248,1136524.57,0
4/9/2010,788,RED,205248,1100680.85,0
4/16/2010,788,RED,205248,1087554.90,0
4/23/2010,788,RED,205248,1077266.43,0
4/30/2010,788,RED,205248,1071584.26,0
5/7/2010,788,RED,205248,1138449.21,0
5/14/2010,788,RED,205248,1084106.15,0
5/21/2010,788,RED,205248,1148610.98,0
5/28/2010,788,RED,205248,1210454.48,0
6/4/2010,788,RED,205248,1154026.59,0
6/11/2010,788,RED,205248,1196865.72,0
6/18/2010,788,RED,205248,1154983.35,0
6/25/2010,788,RED,205248,1129555.37,0
7/2/2010,788,RED,205248,1192780.27,0
7/9/2010,788,RED,205248,1082045.30,0
7/16/2010,788,RED,205248,1124963.87,0
7/23/2010,788,RED,205248,1114365.74,0
7/30/2010,788,RED,205248,1070142.19,0
8/6/2010,788,RED,205248,1695453.12,0
8/13/2010,788,RED,205248,1162767.31,0
8/20/2010,788,RED,205248,1194679.49,0
8/27/2010,788,RED,205248,1145292.66,0
9/3/2010,788,RED,205248,1100724.14,0
9/10/2010,788,RED,205248,1033427.02,1
9/17/2010,788,RED,205248,1048753.99,0
9/24/2010,788,RED,205248,1072223.73,0
10/1/2010,788,RED,205248,1065881.19,0
10/8/2010,788,RED,205248,1090275.07,0
10/15/2010,788,RED,205248,1101484.51,0
10/22/2010,788,RED,205248,1106976.63,0
10/29/2010,788,RED,205248,1119930.14,0
11/5/2010,788,RED,205248,1067847.84,0
11/12/2010,788,RED,205248,1145810.74,0
11/19/2010,788,RED,205248,1155521.52,0
11/26/2010,788,RED,205248,1639427.49,1
12/3/2010,788,RED,205248,1205684.19,0
12/10/2010,788,RED,205248,1382114.36,0
12/17/2010,788,RED,205248,1562567.73,0
12/24/2010,788,RED,205248,1953974.77,0
12/31/2010,788,RED,205248,960255.47,1
1/7/2011,788,RED,205248,1051207.80,0
1/14/2011,788,RED,205248,1032998.14,0
1/21/2011,788,RED,205248,1083140.54,0
1/28/2011,788,RED,205248,1011606.48,0
2/4/2011,788,RED,205248,1075249.43,0
2/11/2011,788,RED,205248,1129148.83,1
2/18/2011,788,RED,205248,1925186.14,0
2/25/2011,788,RED,205248,1059546.30,0
3/4/2011,788,RED,205248,1111639.25,0
3/11/2011,788,RED,205248,1106249.84,0
3/18/2011,788,RED,205248,1105557.13,0
3/25/2011,788,RED,205248,1073510.85,0
4/1/2011,788,RED,205248,1055912.65,0
4/8/2011,788,RED,205248,1107767.22,0
4/15/2011,788,RED,205248,1125299.77,0
4/22/2011,788,RED,205248,1215394.54,0
4/29/2011,788,RED,205248,1112286.18,0
5/6/2011,788,RED,205248,1186585.18,0
5/13/2011,788,RED,205248,1142954.39,0
5/20/2011,788,RED,205248,1149876.39,0
5/27/2011,788,RED,205248,1180239.12,0
6/3/2011,788,RED,205248,1172548.63,0
6/10/2011,788,RED,205248,1244532.97,0
6/17/2011,788,RED,205248,1196823.01,0
6/24/2011,788,RED,205248,1699619.09,0
7/1/2011,788,RED,205248,1204636.92,0
7/8/2011,788,RED,205248,1115036.15,0
7/15/2011,788,RED,205248,1149045.89,0
7/22/2011,788,RED,205248,1190466.11,0
7/29/2011,788,RED,205248,1174780.25,0
8/5/2011,788,RED,205248,1206485.77,0
8/12/2011,788,RED,205248,1211587.37,0
8/19/2011,788,RED,205248,1784630.67,0
8/26/2011,788,RED,205248,1188532.54,0
9/2/2011,788,RED,205248,1156909.13,0
9/9/2011,788,RED,205248,1133028.93,1
9/16/2011,788,RED,205248,1147290.88,0
9/23/2011,788,RED,205248,1120931.92,0
9/30/2011,788,RED,205248,1093735.61,0
10/7/2011,788,RED,205248,1154239.65,0
10/14/2011,788,RED,205248,1180211.89,0
10/21/2011,788,RED,205248,1156050.37,0
10/28/2011,788,RED,205248,1190183.59,0
11/4/2011,788,RED,205248,1209419.91,0
11/11/2011,788,RED,205248,1228395.82,0
11/18/2011,788,RED,205248,1202855.92,0
11/25/2011,788,RED,205248,1767359.77,1
12/2/2011,788,RED,205248,1225393.07,0
12/9/2011,788,RED,205248,1443694.05,0
12/16/2011,788,RED,205248,1575269.52,0
12/23/2011,788,RED,205248,1975482.54,0
12/30/2011,788,RED,205248,1172911.65,1
1/6/2012,788,RED,205248,1154238.14,0
1/13/2012,788,RED,205248,1102120.37,0
1/20/2012,788,RED,205248,1103398.92,0
1/27/2012,788,RED,205248,1067148.00,0
2/3/2012,788,RED,205248,1252515.77,0
2/10/2012,788,RED,205248,1202213.85,1
2/17/2012,788,RED,205248,1287425.34,0
2/24/2012,788,RED,205248,1141790.91,0
3/2/2012,788,RED,205248,1195198.89,0
3/9/2012,788,RED,205248,1172588.06,0
3/16/2012,788,RED,205248,1152687.87,0
3/23/2012,788,RED,205248,1168339.04,0
3/30/2012,788,RED,205248,1132593.83,0
4/6/2012,788,RED,205248,1293471.84,0
4/13/2012,788,RED,205248,1197905.93,0
4/20/2012,788,RED,205248,1144251.37,0
4/27/2012,788,RED,205248,1142339.85,0
5/4/2012,788,RED,205248,1213126.31,0
5/11/2012,788,RED,205248,1220063.26,0
5/18/2012,788,RED,205248,1197801.56,0
5/25/2012,788,RED,205248,1251525.48,0
6/1/2012,788,RED,205248,1178181.63,0
6/8/2012,788,RED,205248,1272240.72,0
6/15/2012,788,RED,205248,1253700.35,0
6/22/2012,788,RED,205248,1233933.19,0
6/29/2012,788,RED,205248,1193529.60,0
7/6/2012,788,RED,205248,1239271.96,0
7/13/2012,788,RED,205248,1166967.99,0
7/20/2012,788,RED,205248,1192383.11,0
7/27/2012,788,RED,205248,1165635.66,0
8/3/2012,788,RED,205248,1239215.18,0
8/10/2012,788,RED,205248,1258649.89,0
8/17/2012,788,RED,205248,1284765.00,0
8/24/2012,788,RED,205248,1296359.01,0
8/31/2012,788,RED,205248,1229153.83,0
9/7/2012,788,RED,205248,1146882.87,1
9/14/2012,788,RED,205248,1180981.40,0
9/21/2012,788,RED,205248,1181244.33,0
9/28/2012,788,RED,205248,1178146.43,0
2/5/2010,756,RED,42151,472338.37,0
2/12/2010,756,RED,42151,474355.33,1
2/19/2010,756,RED,42151,475072.66,0
2/26/2010,756,RED,42151,452311.07,0
3/5/2010,756,RED,42151,484995.06,0
3/12/2010,756,RED,42151,446225.83,0
3/19/2010,756,RED,42151,433643.62,0
3/26/2010,756,RED,42151,409230.14,0
4/2/2010,756,RED,42151,440764.45,0
4/9/2010,756,RED,42151,457808.54,0
4/16/2010,756,RED,42151,488491.19,0
4/23/2010,756,RED,42151,438908.43,0
4/30/2010,756,RED,42151,462691.27,0
5/7/2010,756,RED,42151,494163.65,0
5/14/2010,756,RED,42151,481525.37,0
5/21/2010,756,RED,42151,479709.61,0
5/28/2010,756,RED,42151,451842.05,0
6/4/2010,756,RED,42151,475880.51,0
6/11/2010,756,RED,42151,472502.81,0
6/18/2010,756,RED,42151,490486.35,0
6/25/2010,756,RED,42151,439671.50,0
7/2/2010,756,RED,42151,439043.78,0
7/9/2010,756,RED,42151,476505.22,0
7/16/2010,756,RED,42151,471753.67,0
7/23/2010,756,RED,42151,456812.83,0
7/30/2010,756,RED,42151,437243.54,0
8/6/2010,756,RED,42151,1226068.99,0
8/13/2010,756,RED,42151,475228.43,0
8/20/2010,756,RED,42151,442741.53,0
8/27/2010,756,RED,42151,416842.36,0
9/3/2010,756,RED,42151,436086.08,0
9/10/2010,756,RED,42151,439263.01,1
9/17/2010,756,RED,42151,459485.84,0
9/24/2010,756,RED,42151,424140.22,0
10/1/2010,756,RED,42151,426961.10,0
10/8/2010,756,RED,42151,449143.24,0
10/15/2010,756,RED,42151,458099.78,0
10/22/2010,756,RED,42151,429747.93,0
10/29/2010,756,RED,42151,397445.89,0
11/5/2010,756,RED,42151,410652.00,0
11/12/2010,756,RED,42151,430596.43,0
11/19/2010,756,RED,42151,416407.34,0
11/26/2010,756,RED,42151,413683.12,1
12/3/2010,756,RED,42151,365057.72,0
12/10/2010,756,RED,42151,409336.66,0
12/17/2010,756,RED,42151,415006.33,0
12/24/2010,756,RED,42151,426885.22,0
12/31/2010,756,RED,42151,364102.28,1
1/7/2011,756,RED,42151,389451.48,0
1/14/2011,756,RED,42151,415289.36,0
1/21/2011,756,RED,42151,403982.68,0
1/28/2011,756,RED,42151,376965.75,0
2/4/2011,756,RED,42151,422313.33,0
2/11/2011,756,RED,42151,406292.83,1
2/18/2011,756,RED,42151,431966.66,0
2/25/2011,756,RED,42151,801012.61,0
3/4/2011,756,RED,42151,407371.47,0
3/11/2011,756,RED,42151,412298.41,0
3/18/2011,756,RED,42151,436203.85,0
3/25/2011,756,RED,42151,395523.65,0
4/1/2011,756,RED,42151,390463.74,0
4/8/2011,756,RED,42151,433519.24,0
4/15/2011,756,RED,42151,419778.17,0
4/22/2011,756,RED,42151,379366.35,0
4/29/2011,756,RED,42151,345500.41,0
5/6/2011,756,RED,42151,398193.03,0
5/13/2011,756,RED,42151,400108.28,0
5/20/2011,756,RED,42151,380975.07,0
5/27/2011,756,RED,42151,353446.83,0
6/3/2011,756,RED,42151,378495.58,0
6/10/2011,756,RED,42151,378973.67,0
6/17/2011,756,RED,42151,399436.88,0
6/24/2011,756,RED,42151,364801.57,0
7/1/2011,756,RED,42151,359062.40,0
7/8/2011,756,RED,42151,854927.90,0
7/15/2011,756,RED,42151,390423.11,0
7/22/2011,756,RED,42151,366103.04,0
7/29/2011,756,RED,42151,359152.71,0
8/5/2011,756,RED,42151,385809.38,0
8/12/2011,756,RED,42151,384980.32,0
8/19/2011,756,RED,42151,378059.21,0
8/26/2011,756,RED,42151,349755.83,0
9/2/2011,756,RED,42151,355067.92,0
9/9/2011,756,RED,42151,357752.27,1
9/16/2011,756,RED,42151,347899.75,0
9/23/2011,756,RED,42151,327196.76,0
9/30/2011,756,RED,42151,319702.00,0
10/7/2011,756,RED,42151,350929.50,0
10/14/2011,756,RED,42151,346868.62,0
10/21/2011,756,RED,42151,333424.97,0
10/28/2011,756,RED,42151,310985.44,0
11/4/2011,756,RED,42151,318178.74,0
11/11/2011,756,RED,42151,338010.10,0
11/18/2011,756,RED,42151,341097.47,0
11/25/2011,756,RED,42151,339859.22,1
12/2/2011,756,RED,42151,300765.93,0
12/9/2011,756,RED,42151,320207.63,0
12/16/2011,756,RED,42151,352399.86,0
12/23/2011,756,RED,42151,334675.96,0
12/30/2011,756,RED,42151,297367.26,1
1/6/2012,756,RED,42151,341222.09,0
1/13/2012,756,RED,42151,336723.60,0
1/20/2012,756,RED,42151,340595.12,0
1/27/2012,756,RED,42151,310342.61,0
2/3/2012,756,RED,42151,322662.20,0
2/10/2012,756,RED,42151,345725.07,1
2/17/2012,756,RED,42151,336112.09,0
2/24/2012,756,RED,42151,321997.13,0
3/2/2012,756,RED,42151,325860.72,0
3/9/2012,756,RED,42151,329235.14,0
3/16/2012,756,RED,42151,344517.20,0
3/23/2012,756,RED,42151,326486.04,0
3/30/2012,756,RED,42151,312218.27,0
4/6/2012,756,RED,42151,339122.08,0
4/13/2012,756,RED,42151,348224.30,0
4/20/2012,756,RED,42151,333758.18,0
4/27/2012,756,RED,42151,322892.12,0
5/4/2012,756,RED,42151,320608.88,0
5/11/2012,756,RED,42151,338071.84,0
5/18/2012,756,RED,42151,333132.37,0
5/25/2012,756,RED,42151,314693.64,0
6/1/2012,756,RED,42151,314181.62,0
6/8/2012,756,RED,42151,345412.62,0
6/15/2012,756,RED,42151,343062.33,0
6/22/2012,756,RED,42151,314794.68,0
6/29/2012,756,RED,42151,301508.98,0
7/6/2012,756,RED,42151,314618.80,0
7/13/2012,756,RED,42151,307768.59,0
7/20/2012,756,RED,42151,310474.41,0
7/27/2012,756,RED,42151,287593.11,0
8/3/2012,756,RED,42151,313558.89,0
8/10/2012,756,RED,42151,306923.25,0
8/17/2012,756,RED,42151,322690.49,0
8/24/2012,756,RED,42151,290014.69,0
8/31/2012,756,RED,42151,289393.10,0
9/7/2012,756,RED,42151,303804.77,1
9/14/2012,756,RED,42151,311459.18,0
9/21/2012,756,RED,42151,301649.65,0
9/28/2012,756,RED,42151,279082.73,0
4/6/2012,930,RED,157324,1156502.40,0
4/13/2012,930,RED,157324,877897.53,0
4/20/2012,930,RED,157324,913649.74,0
4/27/2012,930,RED,157324,889543.15,0
5/4/2012,930,RED,157324,1018749.70,0
5/11/2012,930,RED,157324,987770.71,0
5/18/2012,930,RED,157324,911238.48,0
5/25/2012,930,RED,157324,1010169.57,0
6/1/2012,930,RED,157324,1613882.83,0
6/8/2012,930,RED,157324,1105158.72,0
6/15/2012,930,RED,157324,996900.02,0
6/22/2012,930,RED,157324,1057514.79,0
6/29/2012,930,RED,157324,1002110.20,0
7/6/2012,930,RED,157324,1205923.58,0
7/13/2012,930,RED,157324,999498.56,0
7/20/2012,930,RED,157324,983246.24,0
7/27/2012,930,RED,157324,969651.76,0
8/3/2012,930,RED,157324,1105506.22,0
8/10/2012,930,RED,157324,1034632.17,0
8/17/2012,930,RED,157324,988337.58,0
8/24/2012,930,RED,157324,968812.72,0
8/31/2012,930,RED,157324,1012341.71,0
9/7/2012,930,RED,157324,1105157.79,1
9/14/2012,930,RED,157324,922212.34,0
9/21/2012,930,RED,157324,916670.17,0
9/28/2012,930,RED,157324,934900.26,0
2/5/2010,1469,BLU,41931,548175.64,0
2/12/2010,1469,BLU,41931,580501.59,1
2/19/2010,1469,BLU,41931,513586.50,0
2/26/2010,1469,BLU,41931,496302.21,0
3/5/2010,1469,BLU,41931,559764.05,0
3/12/2010,1469,BLU,41931,593155.25,0
3/19/2010,1469,BLU,41931,524705.73,0
3/26/2010,1469,BLU,41931,482813.31,0
4/2/2010,1469,BLU,41931,510699.04,0
4/9/2010,1469,BLU,41931,587343.89,0
4/16/2010,1469,BLU,41931,554319.79,0
4/23/2010,1469,BLU,41931,497156.40,0
4/30/2010,1469,BLU,41931,482407.50,0
5/7/2010,1469,BLU,41931,587637.85,0
5/14/2010,1469,BLU,41931,569137.18,0
5/21/2010,1469,BLU,41931,509194.79,0
5/28/2010,1469,BLU,41931,488888.66,0
6/4/2010,1469,BLU,41931,560837.75,0
6/11/2010,1469,BLU,41931,612010.23,0
6/18/2010,1469,BLU,41931,534210.27,0
6/25/2010,1469,BLU,41931,489119.19,0
7/2/2010,1469,BLU,41931,511960.43,0
7/9/2010,1469,BLU,41931,574861.11,0
7/16/2010,1469,BLU,41931,563628.90,0
7/23/2010,1469,BLU,41931,495907.49,0
7/30/2010,1469,BLU,41931,474390.20,0
8/6/2010,1469,BLU,41931,584335.84,0
8/13/2010,1469,BLU,41931,587871.60,0
8/20/2010,1469,BLU,41931,505737.26,0
8/27/2010,1469,BLU,41931,470785.14,0
9/3/2010,1469,BLU,41931,529449.69,0
9/10/2010,1469,BLU,41931,593882.67,1
9/17/2010,1469,BLU,41931,541663.21,0
9/24/2010,1469,BLU,41931,497054.59,0
10/1/2010,1469,BLU,41931,486315.56,0
10/8/2010,1469,BLU,41931,604551.08,0
10/15/2010,1469,BLU,41931,564076.98,0
10/22/2010,1469,BLU,41931,527259.14,0
10/29/2010,1469,BLU,41931,481759.28,0
11/5/2010,1469,BLU,41931,570182.03,0
11/12/2010,1469,BLU,41931,593384.24,0
11/19/2010,1469,BLU,41931,529107.84,0
11/26/2010,1469,BLU,41931,527088.34,1
12/3/2010,1469,BLU,41931,505042.43,0
12/10/2010,1469,BLU,41931,589966.87,0
12/17/2010,1469,BLU,41931,542247.28,0
12/24/2010,1469,BLU,41931,559866.90,0
12/31/2010,1469,BLU,41931,433745.23,1
1/7/2011,1469,BLU,41931,597739.38,0
1/14/2011,1469,BLU,41931,618690.78,0
1/21/2011,1469,BLU,41931,538206.25,0
1/28/2011,1469,BLU,41931,503873.42,0
2/4/2011,1469,BLU,41931,591677.79,0
2/11/2011,1469,BLU,41931,632855.51,1
2/18/2011,1469,BLU,41931,561276.73,0
2/25/2011,1469,BLU,41931,1189241.28,0
3/4/2011,1469,BLU,41931,575670.67,0
3/11/2011,1469,BLU,41931,612086.19,0
3/18/2011,1469,BLU,41931,563030.95,0
3/25/2011,1469,BLU,41931,527465.25,0
4/1/2011,1469,BLU,41931,513223.80,0
4/8/2011,1469,BLU,41931,624878.98,0
4/15/2011,1469,BLU,41931,602435.65,0
4/22/2011,1469,BLU,41931,539389.32,0
4/29/2011,1469,BLU,41931,500801.80,0
5/6/2011,1469,BLU,41931,617128.98,0
5/13/2011,1469,BLU,41931,607816.38,0
5/20/2011,1469,BLU,41931,529351.58,0
5/27/2011,1469,BLU,41931,508086.92,0
6/3/2011,1469,BLU,41931,549900.93,0
6/10/2011,1469,BLU,41931,621493.62,0
6/17/2011,1469,BLU,41931,551467.28,0
6/24/2011,1469,BLU,41931,506572.29,0
7/1/2011,1469,BLU,41931,511135.46,0
7/8/2011,1469,BLU,41931,598025.90,0
7/15/2011,1469,BLU,41931,596495.45,0
7/22/2011,1469,BLU,41931,516107.92,0
7/29/2011,1469,BLU,41931,484048.43,0
8/5/2011,1469,BLU,41931,577394.96,0
8/12/2011,1469,BLU,41931,607938.89,0
8/19/2011,1469,BLU,41931,531432.86,0
8/26/2011,1469,BLU,41931,508512.61,0
9/2/2011,1469,BLU,41931,541916.39,0
9/9/2011,1469,BLU,41931,613182.57,1
9/16/2011,1469,BLU,41931,581628.72,0
9/23/2011,1469,BLU,41931,949219.62,0
9/30/2011,1469,BLU,41931,515035.42,0
10/7/2011,1469,BLU,41931,653902.86,0
10/14/2011,1469,BLU,41931,618322.74,0
10/21/2011,1469,BLU,41931,542068.04,0
10/28/2011,1469,BLU,41931,520391.33,0
11/4/2011,1469,BLU,41931,602458.84,0
11/11/2011,1469,BLU,41931,654789.36,0
11/18/2011,1469,BLU,41931,582080.81,0
11/25/2011,1469,BLU,41931,586792.57,1
12/2/2011,1469,BLU,41931,520059.97,0
12/9/2011,1469,BLU,41931,628189.34,0
12/16/2011,1469,BLU,41931,606278.49,0
12/23/2011,1469,BLU,41931,583869.73,0
12/30/2011,1469,BLU,41931,465261.67,1
1/6/2012,1469,BLU,41931,648221.16,0
1/13/2012,1469,BLU,41931,677135.78,0
1/20/2012,1469,BLU,41931,590022.86,0
1/27/2012,1469,BLU,41931,547929.35,0
2/3/2012,1469,BLU,41931,600026.01,0
2/10/2012,1469,BLU,41931,686115.96,1
2/17/2012,1469,BLU,41931,616938.59,0
2/24/2012,1469,BLU,41931,574126.69,0
3/2/2012,1469,BLU,41931,596324.11,0
3/9/2012,1469,BLU,41931,669527.45,0
3/16/2012,1469,BLU,41931,629923.88,0
3/23/2012,1469,BLU,41931,569156.72,0
3/30/2012,1469,BLU,41931,553845.62,0
4/6/2012,1469,BLU,41931,659730.06,0
4/13/2012,1469,BLU,41931,649788.64,0
4/20/2012,1469,BLU,41931,561903.02,0
4/27/2012,1469,BLU,41931,1271328.49,0
5/4/2012,1469,BLU,41931,617523.00,0
5/11/2012,1469,BLU,41931,652496.36,0
5/18/2012,1469,BLU,41931,598643.79,0
5/25/2012,1469,BLU,41931,544130.04,0
6/1/2012,1469,BLU,41931,530515.48,0
6/8/2012,1469,BLU,41931,651441.25,0
6/15/2012,1469,BLU,41931,615129.35,0
6/22/2012,1469,BLU,41931,547674.31,0
6/29/2012,1469,BLU,41931,515481.50,0
7/6/2012,1469,BLU,41931,626875.52,0
7/13/2012,1469,BLU,41931,638680.13,0
7/20/2012,1469,BLU,41931,538680.88,0
7/27/2012,1469,BLU,41931,1001968.72,0
8/3/2012,1469,BLU,41931,580500.78,0
8/10/2012,1469,BLU,41931,584191.88,0
8/17/2012,1469,BLU,41931,586561.27,0
8/24/2012,1469,BLU,41931,546006.20,0
8/31/2012,1469,BLU,41931,513293.54,0
9/7/2012,1469,BLU,41931,626850.26,1
9/14/2012,1469,BLU,41931,595606.40,0
9/21/2012,1469,BLU,41931,533239.74,0
9/28/2012,1469,BLU,41931,512910.18,0
2/5/2010,963,GRN,120462,895481.14,0
2/12/2010,963,GRN,120462,661780.27,1
2/19/2010,963,GRN,120462,846055.67,0
2/26/2010,963,GRN,120462,746683.28,0
3/5/2010,963,GRN,120462,782742.85,0
3/12/2010,963,GRN,120462,770479.05,0
3/19/2010,963,GRN,120462,778611.12,0
3/26/2010,963,GRN,120462,787355.01,0
4/2/2010,963,GRN,120462,882027.59,0
4/9/2010,963,GRN,120462,838574.33,0
4/16/2010,963,GRN,120462,787013.59,0
4/23/2010,963,GRN,120462,1456377.45,0
4/30/2010,963,GRN,120462,742057.20,0
5/7/2010,963,GRN,120462,816982.39,0
5/14/2010,963,GRN,120462,762973.83,0
5/21/2010,963,GRN,120462,752679.88,0
5/28/2010,963,GRN,120462,805890.06,0
6/4/2010,963,GRN,120462,842340.25,0
6/11/2010,963,GRN,120462,799490.40,0
6/18/2010,963,GRN,120462,819922.13,0
6/25/2010,963,GRN,120462,797090.78,0
7/2/2010,963,GRN,120462,804939.47,0
7/9/2010,963,GRN,120462,791853.63,0
7/16/2010,963,GRN,120462,728500.62,0
7/23/2010,963,GRN,120462,719392.74,0
7/30/2010,963,GRN,120462,721650.90,0
8/6/2010,963,GRN,120462,751308.95,0
8/13/2010,963,GRN,120462,727053.84,0
8/20/2010,963,GRN,120462,713359.92,0
8/27/2010,963,GRN,120462,726535.96,0
9/3/2010,963,GRN,120462,794936.33,0
9/10/2010,963,GRN,120462,726251.85,1
9/17/2010,963,GRN,120462,721779.21,0
9/24/2010,963,GRN,120462,683020.21,0
10/1/2010,963,GRN,120462,694799.39,0
10/8/2010,963,GRN,120462,750573.73,0
10/15/2010,963,GRN,120462,720054.93,0
10/22/2010,963,GRN,120462,735691.00,0
10/29/2010,963,GRN,120462,737651.39,0
11/5/2010,963,GRN,120462,768805.69,0
11/12/2010,963,GRN,120462,770440.56,0
11/19/2010,963,GRN,120462,728779.48,0
11/26/2010,963,GRN,120462,1187291.79,1
12/3/2010,963,GRN,120462,884036.53,0
12/10/2010,963,GRN,120462,1007155.97,0
12/17/2010,963,GRN,120462,1128074.48,0
12/24/2010,963,GRN,120462,1687653.66,0
12/31/2010,963,GRN,120462,683947.83,1
1/7/2011,963,GRN,120462,685045.98,0
1/14/2011,963,GRN,120462,658810.58,0
1/21/2011,963,GRN,120462,649076.96,0
1/28/2011,963,GRN,120462,621999.21,0
2/4/2011,963,GRN,120462,764233.96,0
2/11/2011,963,GRN,120462,771247.63,1
2/18/2011,963,GRN,120462,807045.04,0
2/25/2011,963,GRN,120462,1373542.14,0
3/4/2011,963,GRN,120462,1499414.05,0
3/11/2011,963,GRN,120462,718806.36,0
3/18/2011,963,GRN,120462,738356.40,0
3/25/2011,963,GRN,120462,724528.88,0
4/1/2011,963,GRN,120462,717217.39,0
4/8/2011,963,GRN,120462,754974.34,0
4/15/2011,963,GRN,120462,770061.65,0
4/22/2011,963,GRN,120462,818422.07,0
4/29/2011,963,GRN,120462,791353.24,0
5/6/2011,963,GRN,120462,814942.27,0
5/13/2011,963,GRN,120462,1257758.05,0
5/20/2011,963,GRN,120462,731955.30,0
5/27/2011,963,GRN,120462,822444.88,0
6/3/2011,963,GRN,120462,882215.08,0
6/10/2011,963,GRN,120462,819186.80,0
6/17/2011,963,GRN,120462,815945.30,0
6/24/2011,963,GRN,120462,767653.41,0
7/1/2011,963,GRN,120462,796286.88,0
7/8/2011,963,GRN,120462,773509.74,0
7/15/2011,963,GRN,120462,753226.83,0
7/22/2011,963,GRN,120462,746416.88,0
7/29/2011,963,GRN,120462,1454340.23,0
8/5/2011,963,GRN,120462,770788.55,0
8/12/2011,963,GRN,120462,728972.52,0
8/19/2011,963,GRN,120462,717154.35,0
8/26/2011,963,GRN,120462,838770.64,0
9/2/2011,963,GRN,120462,731274.02,0
9/9/2011,963,GRN,120462,750921.19,1
9/16/2011,963,GRN,120462,716159.19,0
9/23/2011,963,GRN,120462,718898.05,0
9/30/2011,963,GRN,120462,703777.97,0
10/7/2011,963,GRN,120462,758238.68,0
10/14/2011,963,GRN,120462,725738.62,0
10/21/2011,963,GRN,120462,776478.03,0
10/28/2011,963,GRN,120462,786486.20,0
11/4/2011,963,GRN,120462,838220.85,0
11/11/2011,963,GRN,120462,853049.28,0
11/18/2011,963,GRN,120462,793944.98,0
11/25/2011,963,GRN,120462,1207812.39,1
12/2/2011,963,GRN,120462,912323.68,0
12/9/2011,963,GRN,120462,983991.44,0
12/16/2011,963,GRN,120462,1096466.41,0
12/23/2011,963,GRN,120462,1536321.99,0
12/30/2011,963,GRN,120462,926857.49,1
1/6/2012,963,GRN,120462,771353.22,0
1/13/2012,963,GRN,120462,709924.32,0
1/20/2012,963,GRN,120462,718984.59,0
1/27/2012,963,GRN,120462,642064.34,0
2/3/2012,963,GRN,120462,849653.58,0
2/10/2012,963,GRN,120462,844391.79,1
2/17/2012,963,GRN,120462,894554.13,0
2/24/2012,963,GRN,120462,788286.67,0
3/2/2012,963,GRN,120462,1263463.40,0
3/9/2012,963,GRN,120462,805540.02,0
3/16/2012,963,GRN,120462,809194.64,0
3/23/2012,963,GRN,120462,809058.70,0
3/30/2012,963,GRN,120462,799219.63,0
4/6/2012,963,GRN,120462,927462.86,0
4/13/2012,963,GRN,120462,804885.63,0
4/20/2012,963,GRN,120462,800597.55,0
4/27/2012,963,GRN,120462,725565.21,0
5/4/2012,963,GRN,120462,809439.83,0
5/11/2012,963,GRN,120462,794281.26,0
5/18/2012,963,GRN,120462,818728.76,0
5/25/2012,963,GRN,120462,834403.05,0
6/1/2012,963,GRN,120462,1391524.32,0
6/8/2012,963,GRN,120462,820946.93,0
6/15/2012,963,GRN,120462,842670.68,0
6/22/2012,963,GRN,120462,846495.71,0
6/29/2012,963,GRN,120462,787296.80,0
7/6/2012,963,GRN,120462,866459.12,0
7/13/2012,963,GRN,120462,768530.67,0
7/20/2012,963,GRN,120462,757384.68,0
7/27/2012,963,GRN,120462,738445.17,0
8/3/2012,963,GRN,120462,773064.15,0
8/10/2012,963,GRN,120462,764012.00,0
8/17/2012,963,GRN,120462,740098.80,0
8/24/2012,963,GRN,120462,742571.94,0
8/31/2012,963,GRN,120462,777531.60,0
9/7/2012,963,GRN,120462,790026.07,1
9/14/2012,963,GRN,120462,729522.00,0
9/21/2012,963,GRN,120462,751253.76,0
9/28/2012,963,GRN,120462,731155.02,0
